[{"stream_name":"stderr","time":7.56078675,"data":"0.00s - Debugger warning: It seems that frozen modules are being used, which may\n"}
,{"stream_name":"stderr","time":7.56083524,"data":"0.00s - make the debugger miss breakpoints. Please pass -Xfrozen_modules=off\n"}
,{"stream_name":"stderr","time":7.560839963,"data":"0.00s - to python to disable frozen modules.\n"}
,{"stream_name":"stderr","time":7.560842845,"data":"0.00s - Note: Debugging will proceed. Set PYDEVD_DISABLE_FILE_VALIDATION=1 to disable this validation.\n"}
,{"stream_name":"stderr","time":8.265334833,"data":"0.00s - Debugger warning: It seems that frozen modules are being used, which may\n"}
,{"stream_name":"stderr","time":8.265371546,"data":"0.00s - make the debugger miss breakpoints. Please pass -Xfrozen_modules=off\n"}
,{"stream_name":"stderr","time":8.265377612,"data":"0.00s - to python to disable frozen modules.\n"}
,{"stream_name":"stderr","time":8.265382461,"data":"0.00s - Note: Debugging will proceed. Set PYDEVD_DISABLE_FILE_VALIDATION=1 to disable this validation.\n"}
,{"stream_name":"stdout","time":9.62471371,"data":"GPU compute capability: 7.5\n"}
,{"stream_name":"stdout","time":11.880829998,"data":"     ━━━━━━━━━━━━━━━━━━━━━━━━━━━━━━━━━━━━━━━━ 43.6/43.6 kB 1.6 MB/s eta 0:00:00\n"}
,{"stream_name":"stdout","time":12.08301547,"data":"     ━━━━━━━━━━━━━━━━━━━━━━━━━━━━━━━━━━━━━━━━ 43.6/43.6 kB 1.6 MB/s eta 0:00:00\n"}
,{"stream_name":"stdout","time":21.363328939,"data":"Packages ready.\n"}
,{"stream_name":"stdout","time":39.451441729,"data":"GPUs available: 1\n"}
,{"stream_name":"stdout","time":39.451476134,"data":"GPU: Tesla T4\n"}
,{"stream_name":"stdout","time":39.451481794,"data":"fp16 enabled: True\n"}
,{"stream_name":"stdout","time":39.451485957,"data":"Config loaded.\n"}
,{"stream_name":"stdout","time":39.451489662,"data":"Runs planned: 4\n"}
,{"stream_name":"stdout","time":42.263000837,"data":"Scanning /kaggle/input/ ...\n"}
,{"stream_name":"stdout","time":42.263040449,"data":"  datasets/\n"}
,{"stream_name":"stdout","time":42.263046979,"data":"    abdulmuizz28\n"}
,{"stream_name":"stdout","time":42.263058993,"data":"      pii-masking-processed-dataset\n"}
,{"stream_name":"stdout","time":42.263063141,"data":"\n"}
,{"stream_name":"stdout","time":42.263066659,"data":"Detected dataset at: /kaggle/input/datasets/abdulmuizz28/pii-masking-processed-dataset/hf_dataset\n"}
,{"stream_name":"stdout","time":42.295088566,"data":"DatasetDict({\n"}
,{"stream_name":"stdout","time":42.29513147,"data":"    train: Dataset({\n"}
,{"stream_name":"stdout","time":42.295144485,"data":"        features: ['tokens', 'ner_tags', 'n_tokens', 'n_per_spans', 'n_email_spans', 'entity_density_bucket', 'injected_email_str', 'injected_email_context', 'injected_email_multi_token', 'injected_email_inserted_at', 'input_ids', 'token_type_ids', 'attention_mask', 'labels'],\n"}
,{"stream_name":"stdout","time":42.295151311,"data":"        num_rows: 24238\n"}
,{"stream_name":"stdout","time":42.295156166,"data":"    })\n"}
,{"stream_name":"stdout","time":42.295160661,"data":"    validation: Dataset({\n"}
,{"stream_name":"stdout","time":42.295165469,"data":"        features: ['tokens', 'ner_tags', 'n_tokens', 'n_per_spans', 'n_email_spans', 'entity_density_bucket', 'injected_email_str', 'injected_email_context', 'injected_email_multi_token', 'injected_email_inserted_at', 'input_ids', 'token_type_ids', 'attention_mask', 'labels'],\n"}
,{"stream_name":"stdout","time":42.295172556,"data":"        num_rows: 4278\n"}
,{"stream_name":"stdout","time":42.295177456,"data":"    })\n"}
,{"stream_name":"stdout","time":42.295197486,"data":"    test: Dataset({\n"}
,{"stream_name":"stdout","time":42.295201339,"data":"        features: ['tokens', 'ner_tags', 'n_tokens', 'n_per_spans', 'n_email_spans', 'entity_density_bucket', 'injected_email_str', 'injected_email_context', 'injected_email_multi_token', 'injected_email_inserted_at', 'input_ids', 'token_type_ids', 'attention_mask', 'labels'],\n"}
,{"stream_name":"stdout","time":42.295205406,"data":"        num_rows: 3650\n"}
,{"stream_name":"stdout","time":42.295208893,"data":"    })\n"}
,{"stream_name":"stdout","time":42.295212145,"data":"})\n"}
,{"stream_name":"stdout","time":42.295215259,"data":"Columns: ['tokens', 'ner_tags', 'n_tokens', 'n_per_spans', 'n_email_spans', 'entity_density_bucket', 'injected_email_str', 'injected_email_context', 'injected_email_multi_token', 'injected_email_inserted_at', 'input_ids', 'token_type_ids', 'attention_mask', 'labels']\n"}
,{"stream_name":"stdout","time":42.295219319,"data":"Train size: 24238\n"}
,{"stream_name":"stdout","time":42.295222935,"data":"Validation size: 4278\n"}
,{"stream_name":"stdout","time":42.295226828,"data":"Test size: 3650\n"}
,{"stream_name":"stderr","time":49.884331461,"data":"Warning: You are sending unauthenticated requests to the HF Hub. Please set a HF_TOKEN to enable higher rate limits and faster downloads.\n"}
,{"stream_name":"stderr","time":49.884397521,"data":"\n"}
,{"stream_name":"stderr","time":49.884404554,"data":"Warning: You are sending unauthenticated requests to the HF Hub. Please set a HF_TOKEN to enable higher rate limits and faster downloads.\n"}
,{"stream_name":"stdout","time":49.892345918,"data":"\n"}
,{"stream_name":"stdout","time":49.892378182,"data":"============================================================\n"}
,{"stream_name":"stdout","time":49.892384184,"data":"START: deberta_seed42  |  model=microsoft/deberta-v3-small  |  seed=42\n"}
,{"stream_name":"stdout","time":49.892388897000004,"data":"============================================================\n"}
,{"stream_name":"stdout","time":49.892392726,"data":"\n"}
,{"stream_name":"stderr","time":49.936368411,"data":"loading configuration file config.json from cache at /root/.cache/huggingface/hub/models--microsoft--deberta-v3-small/snapshots/a36c739020e01763fe789b4b85e2df55d6180012/config.json\n"}
,{"stream_name":"stderr","time":49.936400066,"data":"\n"}
,{"stream_name":"stderr","time":49.936403706,"data":"loading configuration file config.json from cache at /root/.cache/huggingface/hub/models--microsoft--deberta-v3-small/snapshots/a36c739020e01763fe789b4b85e2df55d6180012/config.json\n"}
,{"stream_name":"stderr","time":49.940610337,"data":"Model config DebertaV2Config {\n"}
,{"stream_name":"stderr","time":49.940633713,"data":"  \"attention_probs_dropout_prob\": 0.1,\n"}
,{"stream_name":"stderr","time":49.940639684,"data":"  \"bos_token_id\": null,\n"}
,{"stream_name":"stderr","time":49.940643969999996,"data":"  \"eos_token_id\": null,\n"}
,{"stream_name":"stderr","time":49.940648159,"data":"  \"hidden_act\": \"gelu\",\n"}
,{"stream_name":"stderr","time":49.940658721,"data":"  \"hidden_dropout_prob\": 0.1,\n"}
,{"stream_name":"stderr","time":49.940661702,"data":"  \"hidden_size\": 768,\n"}
,{"stream_name":"stderr","time":49.940664212,"data":"  \"initializer_range\": 0.02,\n"}
,{"stream_name":"stderr","time":49.940666813,"data":"  \"intermediate_size\": 3072,\n"}
,{"stream_name":"stderr","time":49.940669453,"data":"  \"layer_norm_eps\": 1e-07,\n"}
,{"stream_name":"stderr","time":49.940672124,"data":"  \"legacy\": true,\n"}
,{"stream_name":"stderr","time":49.940674875,"data":"  \"max_position_embeddings\": 512,\n"}
,{"stream_name":"stderr","time":49.940688059,"data":"  \"max_relative_positions\": -1,\n"}
,{"stream_name":"stderr","time":49.940690884,"data":"  \"model_type\": \"deberta-v2\",\n"}
,{"stream_name":"stderr","time":49.940693519999996,"data":"  \"norm_rel_ebd\": \"layer_norm\",\n"}
,{"stream_name":"stderr","time":49.940696136,"data":"  \"num_attention_heads\": 12,\n"}
,{"stream_name":"stderr","time":49.940698707,"data":"  \"num_hidden_layers\": 6,\n"}
,{"stream_name":"stderr","time":49.940701356,"data":"  \"pad_token_id\": 0,\n"}
,{"stream_name":"stderr","time":49.940703947,"data":"  \"pooler_dropout\": 0,\n"}
,{"stream_name":"stderr","time":49.940706574000004,"data":"  \"pooler_hidden_act\": \"gelu\",\n"}
,{"stream_name":"stderr","time":49.940709224,"data":"  \"pooler_hidden_size\": 768,\n"}
,{"stream_name":"stderr","time":49.940711884,"data":"  \"pos_att_type\": [\n"}
,{"stream_name":"stderr","time":49.940714487,"data":"    \"p2c\",\n"}
,{"stream_name":"stderr","time":49.940717171,"data":"    \"c2p\"\n"}
,{"stream_name":"stderr","time":49.940719701,"data":"  ],\n"}
,{"stream_name":"stderr","time":49.940722312,"data":"  \"position_biased_input\": false,\n"}
,{"stream_name":"stderr","time":49.940725105,"data":"  \"position_buckets\": 256,\n"}
,{"stream_name":"stderr","time":49.940744793,"data":"  \"relative_attention\": true,\n"}
,{"stream_name":"stderr","time":49.940749533,"data":"  \"share_att_key\": true,\n"}
,{"stream_name":"stderr","time":49.94075407,"data":"  \"tie_word_embeddings\": true,\n"}
,{"stream_name":"stderr","time":49.940758842,"data":"  \"transformers_version\": \"5.0.0\",\n"}
,{"stream_name":"stderr","time":49.940763355,"data":"  \"type_vocab_size\": 0,\n"}
,{"stream_name":"stderr","time":49.940767632000004,"data":"  \"vocab_size\": 128100\n"}
,{"stream_name":"stderr","time":49.940771758,"data":"}\n"}
,{"stream_name":"stderr","time":49.940776142,"data":"\n"}
,{"stream_name":"stderr","time":49.940780642,"data":"\n"}
,{"stream_name":"stderr","time":49.940784457,"data":"Model config DebertaV2Config {\n"}
,{"stream_name":"stderr","time":49.940788372,"data":"  \"attention_probs_dropout_prob\": 0.1,\n"}
,{"stream_name":"stderr","time":49.940792278,"data":"  \"bos_token_id\": null,\n"}
,{"stream_name":"stderr","time":49.940796239,"data":"  \"eos_token_id\": null,\n"}
,{"stream_name":"stderr","time":49.940800175,"data":"  \"hidden_act\": \"gelu\",\n"}
,{"stream_name":"stderr","time":49.940804504,"data":"  \"hidden_dropout_prob\": 0.1,\n"}
,{"stream_name":"stderr","time":49.940810486,"data":"  \"hidden_size\": 768,\n"}
,{"stream_name":"stderr","time":49.940816507,"data":"  \"initializer_range\": 0.02,\n"}
,{"stream_name":"stderr","time":49.94082051,"data":"  \"intermediate_size\": 3072,\n"}
,{"stream_name":"stderr","time":49.940825074,"data":"  \"layer_norm_eps\": 1e-07,\n"}
,{"stream_name":"stderr","time":49.940829835,"data":"  \"legacy\": true,\n"}
,{"stream_name":"stderr","time":49.940834384,"data":"  \"max_position_embeddings\": 512,\n"}
,{"stream_name":"stderr","time":49.94083913,"data":"  \"max_relative_positions\": -1,\n"}
,{"stream_name":"stderr","time":49.940843769,"data":"  \"model_type\": \"deberta-v2\",\n"}
,{"stream_name":"stderr","time":49.940847804,"data":"  \"norm_rel_ebd\": \"layer_norm\",\n"}
,{"stream_name":"stderr","time":49.940851865,"data":"  \"num_attention_heads\": 12,\n"}
,{"stream_name":"stderr","time":49.940855741,"data":"  \"num_hidden_layers\": 6,\n"}
,{"stream_name":"stderr","time":49.940859691,"data":"  \"pad_token_id\": 0,\n"}
,{"stream_name":"stderr","time":49.94086797,"data":"  \"pooler_dropout\": 0,\n"}
,{"stream_name":"stderr","time":49.940871989,"data":"  \"pooler_hidden_act\": \"gelu\",\n"}
,{"stream_name":"stderr","time":49.940876004,"data":"  \"pooler_hidden_size\": 768,\n"}
,{"stream_name":"stderr","time":49.940880051,"data":"  \"pos_att_type\": [\n"}
,{"stream_name":"stderr","time":49.940893331,"data":"    \"p2c\",\n"}
,{"stream_name":"stderr","time":49.940896936,"data":"    \"c2p\"\n"}
,{"stream_name":"stderr","time":49.940899495,"data":"  ],\n"}
,{"stream_name":"stderr","time":49.940902186,"data":"  \"position_biased_input\": false,\n"}
,{"stream_name":"stderr","time":49.94092391,"data":"  \"position_buckets\": 256,\n"}
,{"stream_name":"stderr","time":49.940928499,"data":"  \"relative_attention\": true,\n"}
,{"stream_name":"stderr","time":49.94093323,"data":"  \"share_att_key\": true,\n"}
,{"stream_name":"stderr","time":49.940937716,"data":"  \"tie_word_embeddings\": true,\n"}
,{"stream_name":"stderr","time":49.940942131,"data":"  \"transformers_version\": \"5.0.0\",\n"}
,{"stream_name":"stderr","time":49.940946895,"data":"  \"type_vocab_size\": 0,\n"}
,{"stream_name":"stderr","time":49.940951729,"data":"  \"vocab_size\": 128100\n"}
,{"stream_name":"stderr","time":49.940956465,"data":"}\n"}
,{"stream_name":"stderr","time":49.940960788,"data":"\n"}
,{"stream_name":"stderr","time":52.013987066,"data":"loading configuration file config.json from cache at /root/.cache/huggingface/hub/models--microsoft--deberta-v3-small/snapshots/a36c739020e01763fe789b4b85e2df55d6180012/config.json\n"}
,{"stream_name":"stderr","time":52.014059535,"data":"\n"}
,{"stream_name":"stderr","time":52.014066258,"data":"loading configuration file config.json from cache at /root/.cache/huggingface/hub/models--microsoft--deberta-v3-small/snapshots/a36c739020e01763fe789b4b85e2df55d6180012/config.json\n"}
,{"stream_name":"stderr","time":52.015335577,"data":"Model config DebertaV2Config {\n"}
,{"stream_name":"stderr","time":52.015368503,"data":"  \"attention_probs_dropout_prob\": 0.1,\n"}
,{"stream_name":"stderr","time":52.015375234,"data":"  \"bos_token_id\": null,\n"}
,{"stream_name":"stderr","time":52.015380243,"data":"  \"eos_token_id\": null,\n"}
,{"stream_name":"stderr","time":52.015384918,"data":"  \"hidden_act\": \"gelu\",\n"}
,{"stream_name":"stderr","time":52.015389771,"data":"  \"hidden_dropout_prob\": 0.1,\n"}
,{"stream_name":"stderr","time":52.015394211,"data":"  \"hidden_size\": 768,\n"}
,{"stream_name":"stderr","time":52.015398692,"data":"  \"id2label\": {\n"}
,{"stream_name":"stderr","time":52.015402758,"data":"    \"0\": \"O\",\n"}
,{"stream_name":"stderr","time":52.015407398,"data":"    \"1\": \"B-PER\",\n"}
,{"stream_name":"stderr","time":52.015412124,"data":"    \"2\": \"I-PER\",\n"}
,{"stream_name":"stderr","time":52.015416134,"data":"    \"3\": \"B-EMAIL\",\n"}
,{"stream_name":"stderr","time":52.015420263,"data":"    \"4\": \"I-EMAIL\"\n"}
,{"stream_name":"stderr","time":52.015424436,"data":"  },\n"}
,{"stream_name":"stderr","time":52.015428558,"data":"  \"initializer_range\": 0.02,\n"}
,{"stream_name":"stderr","time":52.015432604,"data":"  \"intermediate_size\": 3072,\n"}
,{"stream_name":"stderr","time":52.015436954,"data":"  \"label2id\": {\n"}
,{"stream_name":"stderr","time":52.015441429,"data":"    \"B-EMAIL\": 3,\n"}
,{"stream_name":"stderr","time":52.015445995,"data":"    \"B-PER\": 1,\n"}
,{"stream_name":"stderr","time":52.015449888,"data":"    \"I-EMAIL\": 4,\n"}
,{"stream_name":"stderr","time":52.015453895,"data":"    \"I-PER\": 2,\n"}
,{"stream_name":"stderr","time":52.015477903,"data":"    \"O\": 0\n"}
,{"stream_name":"stderr","time":52.015482266,"data":"  },\n"}
,{"stream_name":"stderr","time":52.01548647,"data":"  \"layer_norm_eps\": 1e-07,\n"}
,{"stream_name":"stderr","time":52.015490887,"data":"  \"legacy\": true,\n"}
,{"stream_name":"stderr","time":52.015495096,"data":"  \"max_position_embeddings\": 512,\n"}
,{"stream_name":"stderr","time":52.015499548,"data":"  \"max_relative_positions\": -1,\n"}
,{"stream_name":"stderr","time":52.0155039,"data":"  \"model_type\": \"deberta-v2\",\n"}
,{"stream_name":"stderr","time":52.015508063,"data":"  \"norm_rel_ebd\": \"layer_norm\",\n"}
,{"stream_name":"stderr","time":52.015512466,"data":"  \"num_attention_heads\": 12,\n"}
,{"stream_name":"stderr","time":52.015516841,"data":"  \"num_hidden_layers\": 6,\n"}
,{"stream_name":"stderr","time":52.015521064,"data":"  \"pad_token_id\": 0,\n"}
,{"stream_name":"stderr","time":52.015525258,"data":"  \"pooler_dropout\": 0,\n"}
,{"stream_name":"stderr","time":52.015529562,"data":"  \"pooler_hidden_act\": \"gelu\",\n"}
,{"stream_name":"stderr","time":52.015533823,"data":"  \"pooler_hidden_size\": 768,\n"}
,{"stream_name":"stderr","time":52.015537977,"data":"  \"pos_att_type\": [\n"}
,{"stream_name":"stderr","time":52.015542362,"data":"    \"p2c\",\n"}
,{"stream_name":"stderr","time":52.015546777,"data":"    \"c2p\"\n"}
,{"stream_name":"stderr","time":52.015550921,"data":"  ],\n"}
,{"stream_name":"stderr","time":52.015554948,"data":"  \"position_biased_input\": false,\n"}
,{"stream_name":"stderr","time":52.015559196,"data":"  \"position_buckets\": 256,\n"}
,{"stream_name":"stderr","time":52.01556335,"data":"  \"relative_attention\": true,\n"}
,{"stream_name":"stderr","time":52.015567505,"data":"  \"share_att_key\": true,\n"}
,{"stream_name":"stderr","time":52.015572252,"data":"  \"tie_word_embeddings\": true,\n"}
,{"stream_name":"stderr","time":52.015594646,"data":"  \"transformers_version\": \"5.0.0\",\n"}
,{"stream_name":"stderr","time":52.015599207,"data":"  \"type_vocab_size\": 0,\n"}
,{"stream_name":"stderr","time":52.015603458,"data":"  \"vocab_size\": 128100\n"}
,{"stream_name":"stderr","time":52.015607621,"data":"}\n"}
,{"stream_name":"stderr","time":52.015611549,"data":"\n"}
,{"stream_name":"stderr","time":52.015615503,"data":"\n"}
,{"stream_name":"stderr","time":52.015619806,"data":"Model config DebertaV2Config {\n"}
,{"stream_name":"stderr","time":52.015624007,"data":"  \"attention_probs_dropout_prob\": 0.1,\n"}
,{"stream_name":"stderr","time":52.015628407,"data":"  \"bos_token_id\": null,\n"}
,{"stream_name":"stderr","time":52.015632606,"data":"  \"eos_token_id\": null,\n"}
,{"stream_name":"stderr","time":52.015636925,"data":"  \"hidden_act\": \"gelu\",\n"}
,{"stream_name":"stderr","time":52.015641144,"data":"  \"hidden_dropout_prob\": 0.1,\n"}
,{"stream_name":"stderr","time":52.015645433,"data":"  \"hidden_size\": 768,\n"}
,{"stream_name":"stderr","time":52.015649985,"data":"  \"id2label\": {\n"}
,{"stream_name":"stderr","time":52.015654138,"data":"    \"0\": \"O\",\n"}
,{"stream_name":"stderr","time":52.01565824,"data":"    \"1\": \"B-PER\",\n"}
,{"stream_name":"stderr","time":52.015662295,"data":"    \"2\": \"I-PER\",\n"}
,{"stream_name":"stderr","time":52.015666063,"data":"    \"3\": \"B-EMAIL\",\n"}
,{"stream_name":"stderr","time":52.01567032,"data":"    \"4\": \"I-EMAIL\"\n"}
,{"stream_name":"stderr","time":52.015674508,"data":"  },\n"}
,{"stream_name":"stderr","time":52.015678933,"data":"  \"initializer_range\": 0.02,\n"}
,{"stream_name":"stderr","time":52.015688204,"data":"  \"intermediate_size\": 3072,\n"}
,{"stream_name":"stderr","time":52.015692494,"data":"  \"label2id\": {\n"}
,{"stream_name":"stderr","time":52.015696616,"data":"    \"B-EMAIL\": 3,\n"}
,{"stream_name":"stderr","time":52.015700833,"data":"    \"B-PER\": 1,\n"}
,{"stream_name":"stderr","time":52.015704935,"data":"    \"I-EMAIL\": 4,\n"}
,{"stream_name":"stderr","time":52.015709163,"data":"    \"I-PER\": 2,\n"}
,{"stream_name":"stderr","time":52.015713433,"data":"    \"O\": 0\n"}
,{"stream_name":"stderr","time":52.015717567,"data":"  },\n"}
,{"stream_name":"stderr","time":52.015721588,"data":"  \"layer_norm_eps\": 1e-07,\n"}
,{"stream_name":"stderr","time":52.015725796,"data":"  \"legacy\": true,\n"}
,{"stream_name":"stderr","time":52.015729933,"data":"  \"max_position_embeddings\": 512,\n"}
,{"stream_name":"stderr","time":52.015734173,"data":"  \"max_relative_positions\": -1,\n"}
,{"stream_name":"stderr","time":52.015738393,"data":"  \"model_type\": \"deberta-v2\",\n"}
,{"stream_name":"stderr","time":52.015742843,"data":"  \"norm_rel_ebd\": \"layer_norm\",\n"}
,{"stream_name":"stderr","time":52.015747087,"data":"  \"num_attention_heads\": 12,\n"}
,{"stream_name":"stderr","time":52.015751382,"data":"  \"num_hidden_layers\": 6,\n"}
,{"stream_name":"stderr","time":52.015755632,"data":"  \"pad_token_id\": 0,\n"}
,{"stream_name":"stderr","time":52.015760366,"data":"  \"pooler_dropout\": 0,\n"}
,{"stream_name":"stderr","time":52.015764647,"data":"  \"pooler_hidden_act\": \"gelu\",\n"}
,{"stream_name":"stderr","time":52.015768865,"data":"  \"pooler_hidden_size\": 768,\n"}
,{"stream_name":"stderr","time":52.015773079,"data":"  \"pos_att_type\": [\n"}
,{"stream_name":"stderr","time":52.015777274,"data":"    \"p2c\",\n"}
,{"stream_name":"stderr","time":52.01578138,"data":"    \"c2p\"\n"}
,{"stream_name":"stderr","time":52.015785437,"data":"  ],\n"}
,{"stream_name":"stderr","time":52.015789799,"data":"  \"position_biased_input\": false,\n"}
,{"stream_name":"stderr","time":52.015794489,"data":"  \"position_buckets\": 256,\n"}
,{"stream_name":"stderr","time":52.015798702,"data":"  \"relative_attention\": true,\n"}
,{"stream_name":"stderr","time":52.01580299,"data":"  \"share_att_key\": true,\n"}
,{"stream_name":"stderr","time":52.015808289,"data":"  \"tie_word_embeddings\": true,\n"}
,{"stream_name":"stderr","time":52.015812612,"data":"  \"transformers_version\": \"5.0.0\",\n"}
,{"stream_name":"stderr","time":52.01581691,"data":"  \"type_vocab_size\": 0,\n"}
,{"stream_name":"stderr","time":52.015821186,"data":"  \"vocab_size\": 128100\n"}
,{"stream_name":"stderr","time":52.015825399,"data":"}\n"}
,{"stream_name":"stderr","time":52.015831024,"data":"\n"}
,{"stream_name":"stdout","time":52.07256327,"data":"Using pre-tokenized dataset from Day 2.\n"}
,{"stream_name":"stderr","time":54.375420551,"data":"loading weights file pytorch_model.bin from cache at /root/.cache/huggingface/hub/models--microsoft--deberta-v3-small/snapshots/a36c739020e01763fe789b4b85e2df55d6180012/pytorch_model.bin\n"}
,{"stream_name":"stderr","time":54.37547145,"data":"\n"}
,{"stream_name":"stderr","time":54.375476324,"data":"loading weights file pytorch_model.bin from cache at /root/.cache/huggingface/hub/models--microsoft--deberta-v3-small/snapshots/a36c739020e01763fe789b4b85e2df55d6180012/pytorch_model.bin\n"}
,{"stream_name":"stderr","time":54.455657829,"data":"Attempting to create safetensors variant\n"}
,{"stream_name":"stderr","time":54.455705767,"data":"\n"}
,{"stream_name":"stderr","time":54.455728186,"data":"Attempting to create safetensors variant\n"}
,{"stream_name":"stderr","time":54.554987693,"data":"Since the `dtype` attribute can't be found in model's config object, will use dtype={dtype} as derived from model's weights\n"}
,{"stream_name":"stderr","time":54.555023754,"data":"\n"}
,{"stream_name":"stderr","time":54.555030003,"data":"Since the `dtype` attribute can't be found in model's config object, will use dtype={dtype} as derived from model's weights\n"}
,{"stream_name":"stderr","time":54.927783736,"data":"Safetensors PR exists\n"}
,{"stream_name":"stderr","time":54.927821763,"data":"\n"}
,{"stream_name":"stderr","time":54.927828418,"data":"Safetensors PR exists\n"}
,{"stream_name":"stderr","time":54.928920835,"data":"DebertaV2ForTokenClassification LOAD REPORT from: microsoft/deberta-v3-small\n"}
,{"stream_name":"stderr","time":54.928950668,"data":"Key                                     | Status     | \n"}
,{"stream_name":"stderr","time":54.928957422,"data":"----------------------------------------+------------+-\n"}
,{"stream_name":"stderr","time":54.928962476,"data":"lm_predictions.lm_head.LayerNorm.bias   | UNEXPECTED | \n"}
,{"stream_name":"stderr","time":54.92896653,"data":"mask_predictions.dense.weight           | UNEXPECTED | \n"}
,{"stream_name":"stderr","time":54.928971752,"data":"lm_predictions.lm_head.LayerNorm.weight | UNEXPECTED | \n"}
,{"stream_name":"stderr","time":54.928975859,"data":"mask_predictions.classifier.weight      | UNEXPECTED | \n"}
,{"stream_name":"stderr","time":54.928979898,"data":"lm_predictions.lm_head.dense.bias       | UNEXPECTED | \n"}
,{"stream_name":"stderr","time":54.928983838,"data":"mask_predictions.LayerNorm.bias         | UNEXPECTED | \n"}
,{"stream_name":"stderr","time":54.928987935,"data":"mask_predictions.LayerNorm.weight       | UNEXPECTED | \n"}
,{"stream_name":"stderr","time":54.928997798,"data":"lm_predictions.lm_head.dense.weight     | UNEXPECTED | \n"}
,{"stream_name":"stderr","time":54.929000804,"data":"mask_predictions.dense.bias             | UNEXPECTED | \n"}
,{"stream_name":"stderr","time":54.929003423,"data":"mask_predictions.classifier.bias        | UNEXPECTED | \n"}
,{"stream_name":"stderr","time":54.929006197,"data":"lm_predictions.lm_head.bias             | UNEXPECTED | \n"}
,{"stream_name":"stderr","time":54.929008849,"data":"classifier.bias                         | MISSING    | \n"}
,{"stream_name":"stderr","time":54.929011523,"data":"classifier.weight                       | MISSING    | \n"}
,{"stream_name":"stderr","time":54.929014237,"data":"\n"}
,{"stream_name":"stderr","time":54.92901678,"data":"Notes:\n"}
,{"stream_name":"stderr","time":54.929019357,"data":"- UNEXPECTED\t:can be ignored when loading from different task/architecture; not ok if you expect identical arch.\n"}
,{"stream_name":"stderr","time":54.929038145,"data":"- MISSING\t:those params were newly initialized because missing from the checkpoint. Consider training on your downstream task.\n"}
,{"stream_name":"stderr","time":54.929043803,"data":"\n"}
,{"stream_name":"stderr","time":54.929048171,"data":"DebertaV2ForTokenClassification LOAD REPORT from: microsoft/deberta-v3-small\n"}
,{"stream_name":"stderr","time":54.929052788999996,"data":"Key                                     | Status     | \n"}
,{"stream_name":"stderr","time":54.929057332,"data":"----------------------------------------+------------+-\n"}
,{"stream_name":"stderr","time":54.929061239,"data":"lm_predictions.lm_head.LayerNorm.bias   | UNEXPECTED | \n"}
,{"stream_name":"stderr","time":54.929064961,"data":"mask_predictions.dense.weight           | UNEXPECTED | \n"}
,{"stream_name":"stderr","time":54.929085364,"data":"lm_predictions.lm_head.LayerNorm.weight | UNEXPECTED | \n"}
,{"stream_name":"stderr","time":54.929089865,"data":"mask_predictions.classifier.weight      | UNEXPECTED | \n"}
,{"stream_name":"stderr","time":54.929093563,"data":"lm_predictions.lm_head.dense.bias       | UNEXPECTED | \n"}
,{"stream_name":"stderr","time":54.929098014,"data":"mask_predictions.LayerNorm.bias         | UNEXPECTED | \n"}
,{"stream_name":"stderr","time":54.929102105,"data":"mask_predictions.LayerNorm.weight       | UNEXPECTED | \n"}
,{"stream_name":"stderr","time":54.92910687,"data":"lm_predictions.lm_head.dense.weight     | UNEXPECTED | \n"}
,{"stream_name":"stderr","time":54.92911062,"data":"mask_predictions.dense.bias             | UNEXPECTED | \n"}
,{"stream_name":"stderr","time":54.929115023,"data":"mask_predictions.classifier.bias        | UNEXPECTED | \n"}
,{"stream_name":"stderr","time":54.929119455,"data":"lm_predictions.lm_head.bias             | UNEXPECTED | \n"}
,{"stream_name":"stderr","time":54.929123667,"data":"classifier.bias                         | MISSING    | \n"}
,{"stream_name":"stderr","time":54.929128951,"data":"classifier.weight                       | MISSING    | \n"}
,{"stream_name":"stderr","time":54.929133237,"data":"\n"}
,{"stream_name":"stderr","time":54.929137222,"data":"Notes:\n"}
,{"stream_name":"stderr","time":54.929141863,"data":"- UNEXPECTED\t:can be ignored when loading from different task/architecture; not ok if you expect identical arch.\n"}
,{"stream_name":"stderr","time":54.929146542,"data":"- MISSING\t:those params were newly initialized because missing from the checkpoint. Consider training on your downstream task.\n"}
,{"stream_name":"stderr","time":55.339722431,"data":"PyTorch: setting up devices\n"}
,{"stream_name":"stderr","time":55.339759693,"data":"\n"}
,{"stream_name":"stderr","time":55.340177602,"data":"PyTorch: setting up devices\n"}
,{"stream_name":"stdout","time":56.059687209,"data":"LayerNorm fix applied: 102 keys remapped (gamma-\u003eweight, beta-\u003ebias)\n"}
,{"stream_name":"stderr","time":56.066110379,"data":"warmup_ratio is deprecated and will be removed in v5.2. Use `warmup_steps` instead.\n"}
,{"stream_name":"stderr","time":56.066140275,"data":"\n"}
,{"stream_name":"stderr","time":56.066298893,"data":"warmup_ratio is deprecated and will be removed in v5.2. Use `warmup_steps` instead.\n"}
,{"stream_name":"stderr","time":57.129624994,"data":"The following columns in the Training set don't have a corresponding argument in `DebertaV2ForTokenClassification.forward` and have been ignored: injected_email_context, ner_tags, n_tokens, n_per_spans, tokens, injected_email_multi_token, entity_density_bucket, injected_email_str, n_email_spans, injected_email_inserted_at. If injected_email_context, ner_tags, n_tokens, n_per_spans, tokens, injected_email_multi_token, entity_density_bucket, injected_email_str, n_email_spans, injected_email_inserted_at are not expected by `DebertaV2ForTokenClassification.forward`,  you can safely ignore this message.\n"}
,{"stream_name":"stderr","time":57.129669729,"data":"\n"}
,{"stream_name":"stderr","time":57.129675312,"data":"The following columns in the Training set don't have a corresponding argument in `DebertaV2ForTokenClassification.forward` and have been ignored: injected_email_context, ner_tags, n_tokens, n_per_spans, tokens, injected_email_multi_token, entity_density_bucket, injected_email_str, n_email_spans, injected_email_inserted_at. If injected_email_context, ner_tags, n_tokens, n_per_spans, tokens, injected_email_multi_token, entity_density_bucket, injected_email_str, n_email_spans, injected_email_inserted_at are not expected by `DebertaV2ForTokenClassification.forward`,  you can safely ignore this message.\n"}
,{"stream_name":"stderr","time":58.1636925,"data":"The tokenizer has new PAD/BOS/EOS tokens that differ from the model config and generation config. The model config and generation config were aligned accordingly, being updated with the tokenizer's values. Updated tokens: {'eos_token_id': 2, 'bos_token_id': 1}.\n"}
,{"stream_name":"stderr","time":58.163729948,"data":"\n"}
,{"stream_name":"stderr","time":58.163735687,"data":"The tokenizer has new PAD/BOS/EOS tokens that differ from the model config and generation config. The model config and generation config were aligned accordingly, being updated with the tokenizer's values. Updated tokens: {'eos_token_id': 2, 'bos_token_id': 1}.\n"}
,{"stream_name":"stdout","time":58.165151929,"data":"  Sanity: label range [0, 4], input_ids shape torch.Size([8, 256])\n"}
,{"stream_name":"stderr","time":58.169994725,"data":"The following columns in the Training set don't have a corresponding argument in `DebertaV2ForTokenClassification.forward` and have been ignored: injected_email_context, ner_tags, n_tokens, n_per_spans, tokens, injected_email_multi_token, entity_density_bucket, injected_email_str, n_email_spans, injected_email_inserted_at. If injected_email_context, ner_tags, n_tokens, n_per_spans, tokens, injected_email_multi_token, entity_density_bucket, injected_email_str, n_email_spans, injected_email_inserted_at are not expected by `DebertaV2ForTokenClassification.forward`,  you can safely ignore this message.\n"}
,{"stream_name":"stderr","time":58.170017076,"data":"\n"}
,{"stream_name":"stderr","time":58.170021797,"data":"The following columns in the Training set don't have a corresponding argument in `DebertaV2ForTokenClassification.forward` and have been ignored: injected_email_context, ner_tags, n_tokens, n_per_spans, tokens, injected_email_multi_token, entity_density_bucket, injected_email_str, n_email_spans, injected_email_inserted_at. If injected_email_context, ner_tags, n_tokens, n_per_spans, tokens, injected_email_multi_token, entity_density_bucket, injected_email_str, n_email_spans, injected_email_inserted_at are not expected by `DebertaV2ForTokenClassification.forward`,  you can safely ignore this message.\n"}
,{"stream_name":"stderr","time":58.181056058,"data":"***** Running training *****\n"}
,{"stream_name":"stderr","time":58.181088096,"data":"\n"}
,{"stream_name":"stderr","time":58.181094019,"data":"***** Running training *****\n"}
,{"stream_name":"stderr","time":58.182048189,"data":"  Num examples = 24,238\n"}
,{"stream_name":"stderr","time":58.182081576,"data":"\n"}
,{"stream_name":"stderr","time":58.182088344,"data":"  Num examples = 24,238\n"}
,{"stream_name":"stderr","time":58.183231422,"data":"  Num Epochs = 5\n"}
,{"stream_name":"stderr","time":58.18327368,"data":"\n"}
,{"stream_name":"stderr","time":58.183281923,"data":"  Num Epochs = 5\n"}
,{"stream_name":"stderr","time":58.184284439,"data":"  Instantaneous batch size per device = 8\n"}
,{"stream_name":"stderr","time":58.184309557,"data":"\n"}
,{"stream_name":"stderr","time":58.184314781,"data":"  Instantaneous batch size per device = 8\n"}
,{"stream_name":"stderr","time":58.185285508,"data":"  Total train batch size (w. parallel, distributed \u0026 accumulation) = 16\n"}
,{"stream_name":"stderr","time":58.185304688,"data":"\n"}
,{"stream_name":"stderr","time":58.185309608,"data":"  Total train batch size (w. parallel, distributed \u0026 accumulation) = 16\n"}
,{"stream_name":"stderr","time":58.186335899,"data":"  Gradient Accumulation steps = 2\n"}
,{"stream_name":"stderr","time":58.186353354,"data":"\n"}
,{"stream_name":"stderr","time":58.186358165,"data":"  Gradient Accumulation steps = 2\n"}
,{"stream_name":"stderr","time":58.187217926,"data":"  Total optimization steps = 7,575\n"}
,{"stream_name":"stderr","time":58.187231546,"data":"\n"}
,{"stream_name":"stderr","time":58.18723643,"data":"  Total optimization steps = 7,575\n"}
,{"stream_name":"stderr","time":58.188136905,"data":"  Number of trainable parameters = 141,308,165\n"}
,{"stream_name":"stderr","time":58.188162873,"data":"\n"}
,{"stream_name":"stderr","time":58.188168155,"data":"  Number of trainable parameters = 141,308,165\n"}
,{"stream_name":"stdout","time":69.009565948,"data":"{'loss': '2.821', 'grad_norm': '24.62', 'learning_rate': '3.232e-07', 'epoch': '0.033'}\n"}
,{"stream_name":"stdout","time":77.9209678,"data":"{'loss': '2.002', 'grad_norm': '6.719', 'learning_rate': '6.53e-07', 'epoch': '0.06601'}\n"}
,{"stream_name":"stdout","time":86.917506347,"data":"{'loss': '1.855', 'grad_norm': '12.54', 'learning_rate': '9.828e-07', 'epoch': '0.09901'}\n"}
,{"stream_name":"stdout","time":96.058054613,"data":"{'loss': '1.549', 'grad_norm': '14.03', 'learning_rate': '1.313e-06', 'epoch': '0.132'}\n"}
,{"stream_name":"stdout","time":105.270359553,"data":"{'loss': '1.299', 'grad_norm': '3.027', 'learning_rate': '1.642e-06', 'epoch': '0.165'}\n"}
,{"stream_name":"stdout","time":114.549597539,"data":"{'loss': '0.9666', 'grad_norm': '8.992', 'learning_rate': '1.972e-06', 'epoch': '0.198'}\n"}
,{"stream_name":"stdout","time":123.988329918,"data":"{'loss': '0.7811', 'grad_norm': '7.32', 'learning_rate': '2.302e-06', 'epoch': '0.231'}\n"}
,{"stream_name":"stdout","time":133.597120539,"data":"{'loss': '0.6944', 'grad_norm': '2.811', 'learning_rate': '2.632e-06', 'epoch': '0.264'}\n"}
,{"stream_name":"stdout","time":143.31849091,"data":"{'loss': '0.5962', 'grad_norm': '4.801', 'learning_rate': '2.962e-06', 'epoch': '0.297'}\n"}
,{"stream_name":"stdout","time":153.026414887,"data":"{'loss': '0.4605', 'grad_norm': '2.689', 'learning_rate': '3.292e-06', 'epoch': '0.33'}\n"}
,{"stream_name":"stdout","time":162.653641646,"data":"{'loss': '0.3884', 'grad_norm': '6.133', 'learning_rate': '3.621e-06', 'epoch': '0.363'}\n"}
,{"stream_name":"stdout","time":172.150564214,"data":"{'loss': '0.3206', 'grad_norm': '4.773', 'learning_rate': '3.951e-06', 'epoch': '0.396'}\n"}
,{"stream_name":"stdout","time":181.612963403,"data":"{'loss': '0.2723', 'grad_norm': '3.607', 'learning_rate': '4.281e-06', 'epoch': '0.429'}\n"}
,{"stream_name":"stdout","time":191.010324403,"data":"{'loss': '0.2991', 'grad_norm': '2.859', 'learning_rate': '4.611e-06', 'epoch': '0.462'}\n"}
,{"stream_name":"stdout","time":200.41988565,"data":"{'loss': '0.2866', 'grad_norm': '2.297', 'learning_rate': '4.941e-06', 'epoch': '0.495'}\n"}
,{"stream_name":"stdout","time":209.931236562,"data":"{'loss': '0.2388', 'grad_norm': '2.002', 'learning_rate': '4.97e-06', 'epoch': '0.5281'}\n"}
,{"stream_name":"stdout","time":219.475950299,"data":"{'loss': '0.2031', 'grad_norm': '2.561', 'learning_rate': '4.933e-06', 'epoch': '0.5611'}\n"}
,{"stream_name":"stdout","time":229.025661179,"data":"{'loss': '0.2075', 'grad_norm': '1.095', 'learning_rate': '4.897e-06', 'epoch': '0.5941'}\n"}
,{"stream_name":"stdout","time":238.635824887,"data":"{'loss': '0.1835', 'grad_norm': '1.956', 'learning_rate': '4.86e-06', 'epoch': '0.6271'}\n"}
,{"stream_name":"stdout","time":248.20734832,"data":"{'loss': '0.1808', 'grad_norm': '1.963', 'learning_rate': '4.823e-06', 'epoch': '0.6601'}\n"}
,{"stream_name":"stdout","time":257.798637349,"data":"{'loss': '0.1746', 'grad_norm': '2.684', 'learning_rate': '4.787e-06', 'epoch': '0.6931'}\n"}
,{"stream_name":"stdout","time":267.296257,"data":"{'loss': '0.1657', 'grad_norm': '1.274', 'learning_rate': '4.75e-06', 'epoch': '0.7261'}\n"}
,{"stream_name":"stdout","time":276.826798346,"data":"{'loss': '0.1646', 'grad_norm': '1.33', 'learning_rate': '4.713e-06', 'epoch': '0.7591'}\n"}
,{"stream_name":"stdout","time":286.347890063,"data":"{'loss': '0.1443', 'grad_norm': '2.041', 'learning_rate': '4.677e-06', 'epoch': '0.7921'}\n"}
,{"stream_name":"stdout","time":295.84846956,"data":"{'loss': '0.191', 'grad_norm': '2.609', 'learning_rate': '4.64e-06', 'epoch': '0.8251'}\n"}
,{"stream_name":"stdout","time":305.419486962,"data":"{'loss': '0.1678', 'grad_norm': '3.705', 'learning_rate': '4.603e-06', 'epoch': '0.8581'}\n"}
,{"stream_name":"stdout","time":314.941167504,"data":"{'loss': '0.1194', 'grad_norm': '1.189', 'learning_rate': '4.567e-06', 'epoch': '0.8911'}\n"}
,{"stream_name":"stdout","time":324.473501397,"data":"{'loss': '0.1405', 'grad_norm': '2.105', 'learning_rate': '4.53e-06', 'epoch': '0.9241'}\n"}
,{"stream_name":"stdout","time":334.044709093,"data":"{'loss': '0.1381', 'grad_norm': '1.414', 'learning_rate': '4.493e-06', 'epoch': '0.9571'}\n"}
,{"stream_name":"stdout","time":343.607751241,"data":"{'loss': '0.1124', 'grad_norm': '0.917', 'learning_rate': '4.457e-06', 'epoch': '0.9901'}\n"}
,{"stream_name":"stderr","time":346.231323815,"data":"The following columns in the Evaluation set don't have a corresponding argument in `DebertaV2ForTokenClassification.forward` and have been ignored: injected_email_context, ner_tags, n_tokens, n_per_spans, tokens, injected_email_multi_token, entity_density_bucket, injected_email_str, n_email_spans, injected_email_inserted_at. If injected_email_context, ner_tags, n_tokens, n_per_spans, tokens, injected_email_multi_token, entity_density_bucket, injected_email_str, n_email_spans, injected_email_inserted_at are not expected by `DebertaV2ForTokenClassification.forward`,  you can safely ignore this message.\n"}
,{"stream_name":"stderr","time":346.231375074,"data":"\n"}
,{"stream_name":"stderr","time":346.231382625,"data":"The following columns in the Evaluation set don't have a corresponding argument in `DebertaV2ForTokenClassification.forward` and have been ignored: injected_email_context, ner_tags, n_tokens, n_per_spans, tokens, injected_email_multi_token, entity_density_bucket, injected_email_str, n_email_spans, injected_email_inserted_at. If injected_email_context, ner_tags, n_tokens, n_per_spans, tokens, injected_email_multi_token, entity_density_bucket, injected_email_str, n_email_spans, injected_email_inserted_at are not expected by `DebertaV2ForTokenClassification.forward`,  you can safely ignore this message.\n"}
,{"stream_name":"stderr","time":346.238987409,"data":"\n"}
,{"stream_name":"stderr","time":346.239030607,"data":"***** Running Evaluation *****\n"}
,{"stream_name":"stderr","time":346.239038302,"data":"\n"}
,{"stream_name":"stderr","time":346.239044436,"data":"\n"}
,{"stream_name":"stderr","time":346.239049325,"data":"***** Running Evaluation *****\n"}
,{"stream_name":"stderr","time":346.240252735,"data":"  Num examples = 4278\n"}
,{"stream_name":"stderr","time":346.240279664,"data":"\n"}
,{"stream_name":"stderr","time":346.240306138,"data":"  Num examples = 4278\n"}
,{"stream_name":"stderr","time":346.241764993,"data":"  Batch size = 32\n"}
,{"stream_name":"stderr","time":346.241793872,"data":"\n"}
,{"stream_name":"stderr","time":346.241800901,"data":"  Batch size = 32\n"}
,{"stream_name":"stderr","time":362.256203299,"data":"Saving model checkpoint to /kaggle/working/deberta_seed42/checkpoint-1515\n"}
,{"stream_name":"stderr","time":362.25628744,"data":"\n"}
,{"stream_name":"stderr","time":362.256298753,"data":"Saving model checkpoint to /kaggle/working/deberta_seed42/checkpoint-1515\n"}
,{"stream_name":"stderr","time":362.259054591,"data":"Configuration saved in /kaggle/working/deberta_seed42/checkpoint-1515/config.json\n"}
,{"stream_name":"stderr","time":362.259101844,"data":"\n"}
,{"stream_name":"stderr","time":362.259107524,"data":"Configuration saved in /kaggle/working/deberta_seed42/checkpoint-1515/config.json\n"}
,{"stream_name":"stdout","time":362.281402854,"data":"{'eval_overall_f1': '0.8946', 'eval_per_f1': '0.8536', 'eval_email_f1': '0.9916', 'eval_token_fpr': '0.01087', 'eval_token_fnr': '0.02609', 'eval_loss': '0.05051', 'eval_runtime': '16.02', 'eval_samples_per_second': '267.1', 'eval_steps_per_second': '8.367', 'epoch': '1'}\n"}
,{"stream_name":"stderr","time":362.899375589,"data":"Model weights saved in /kaggle/working/deberta_seed42/checkpoint-1515/model.safetensors\n"}
,{"stream_name":"stderr","time":362.899406232,"data":"\n"}
,{"stream_name":"stderr","time":362.89941068,"data":"Model weights saved in /kaggle/working/deberta_seed42/checkpoint-1515/model.safetensors\n"}
,{"stream_name":"stderr","time":362.928946037,"data":"tokenizer config file saved in /kaggle/working/deberta_seed42/checkpoint-1515/tokenizer_config.json\n"}
,{"stream_name":"stderr","time":362.928978386,"data":"\n"}
,{"stream_name":"stderr","time":362.928982096,"data":"tokenizer config file saved in /kaggle/working/deberta_seed42/checkpoint-1515/tokenizer_config.json\n"}
,{"stream_name":"stdout","time":370.842859723,"data":"{'loss': '0.0937', 'grad_norm': '1.267', 'learning_rate': '4.42e-06', 'epoch': '1.023'}\n"}
,{"stream_name":"stdout","time":380.411260765,"data":"{'loss': '0.09786', 'grad_norm': '1.801', 'learning_rate': '4.383e-06', 'epoch': '1.056'}\n"}
,{"stream_name":"stdout","time":390.002469654,"data":"{'loss': '0.08805', 'grad_norm': '1.528', 'learning_rate': '4.346e-06', 'epoch': '1.089'}\n"}
,{"stream_name":"stdout","time":399.61360823,"data":"{'loss': '0.09232', 'grad_norm': '0.5625', 'learning_rate': '4.31e-06', 'epoch': '1.122'}\n"}
,{"stream_name":"stdout","time":409.18492372,"data":"{'loss': '0.08014', 'grad_norm': '1.259', 'learning_rate': '4.273e-06', 'epoch': '1.155'}\n"}
,{"stream_name":"stdout","time":418.802081021,"data":"{'loss': '0.0947', 'grad_norm': '0.7754', 'learning_rate': '4.236e-06', 'epoch': '1.188'}\n"}
,{"stream_name":"stdout","time":428.3593736,"data":"{'loss': '0.0869', 'grad_norm': '1.354', 'learning_rate': '4.2e-06', 'epoch': '1.221'}\n"}
,{"stream_name":"stdout","time":437.939893714,"data":"{'loss': '0.08868', 'grad_norm': '1.485', 'learning_rate': '4.163e-06', 'epoch': '1.254'}\n"}
,{"stream_name":"stdout","time":447.459909787,"data":"{'loss': '0.09167', 'grad_norm': '0.7485', 'learning_rate': '4.126e-06', 'epoch': '1.287'}\n"}
,{"stream_name":"stdout","time":457.033308372,"data":"{'loss': '0.07949', 'grad_norm': '0.6494', 'learning_rate': '4.09e-06', 'epoch': '1.32'}\n"}
,{"stream_name":"stdout","time":466.616299275,"data":"{'loss': '0.07941', 'grad_norm': '0.9351', 'learning_rate': '4.053e-06', 'epoch': '1.353'}\n"}
,{"stream_name":"stdout","time":476.182966185,"data":"{'loss': '0.07259', 'grad_norm': '0.2876', 'learning_rate': '4.016e-06', 'epoch': '1.386'}\n"}
,{"stream_name":"stdout","time":485.721933037,"data":"{'loss': '0.08554', 'grad_norm': '0.9644', 'learning_rate': '3.98e-06', 'epoch': '1.419'}\n"}
,{"stream_name":"stdout","time":495.254029124,"data":"{'loss': '0.0962', 'grad_norm': '2.584', 'learning_rate': '3.943e-06', 'epoch': '1.452'}\n"}
,{"stream_name":"stdout","time":504.832475002,"data":"{'loss': '0.08931', 'grad_norm': '1.074', 'learning_rate': '3.906e-06', 'epoch': '1.485'}\n"}
,{"stream_name":"stdout","time":514.423090574,"data":"{'loss': '0.08201', 'grad_norm': '2.834', 'learning_rate': '3.87e-06', 'epoch': '1.518'}\n"}
,{"stream_name":"stdout","time":523.982810734,"data":"{'loss': '0.07849', 'grad_norm': '0.6616', 'learning_rate': '3.833e-06', 'epoch': '1.551'}\n"}
,{"stream_name":"stdout","time":533.556749772,"data":"{'loss': '0.06269', 'grad_norm': '0.9609', 'learning_rate': '3.796e-06', 'epoch': '1.584'}\n"}
,{"stream_name":"stdout","time":543.042563393,"data":"{'loss': '0.08447', 'grad_norm': '0.6445', 'learning_rate': '3.76e-06', 'epoch': '1.617'}\n"}
,{"stream_name":"stdout","time":552.608632291,"data":"{'loss': '0.07815', 'grad_norm': '0.4731', 'learning_rate': '3.723e-06', 'epoch': '1.65'}\n"}
,{"stream_name":"stdout","time":562.158273999,"data":"{'loss': '0.07376', 'grad_norm': '0.9951', 'learning_rate': '3.686e-06', 'epoch': '1.683'}\n"}
,{"stream_name":"stdout","time":571.685196667,"data":"{'loss': '0.07328', 'grad_norm': '3.875', 'learning_rate': '3.65e-06', 'epoch': '1.716'}\n"}
,{"stream_name":"stdout","time":581.263087091,"data":"{'loss': '0.07325', 'grad_norm': '0.6943', 'learning_rate': '3.613e-06', 'epoch': '1.749'}\n"}
,{"stream_name":"stdout","time":590.808349692,"data":"{'loss': '0.07533', 'grad_norm': '1.051', 'learning_rate': '3.576e-06', 'epoch': '1.782'}\n"}
,{"stream_name":"stdout","time":600.358632075,"data":"{'loss': '0.0744', 'grad_norm': '1.601', 'learning_rate': '3.54e-06', 'epoch': '1.815'}\n"}
,{"stream_name":"stdout","time":609.937793579,"data":"{'loss': '0.06631', 'grad_norm': '0.6802', 'learning_rate': '3.503e-06', 'epoch': '1.848'}\n"}
,{"stream_name":"stdout","time":619.405282511,"data":"{'loss': '0.06719', 'grad_norm': '6.891', 'learning_rate': '3.466e-06', 'epoch': '1.881'}\n"}
,{"stream_name":"stdout","time":628.914181072,"data":"{'loss': '0.06633', 'grad_norm': '1.728', 'learning_rate': '3.43e-06', 'epoch': '1.914'}\n"}
,{"stream_name":"stdout","time":638.419960602,"data":"{'loss': '0.07542', 'grad_norm': '0.7241', 'learning_rate': '3.393e-06', 'epoch': '1.947'}\n"}
,{"stream_name":"stdout","time":647.865377659,"data":"{'loss': '0.06066', 'grad_norm': '0.4685', 'learning_rate': '3.356e-06', 'epoch': '1.98'}\n"}
,{"stream_name":"stderr","time":653.349935823,"data":"The following columns in the Evaluation set don't have a corresponding argument in `DebertaV2ForTokenClassification.forward` and have been ignored: injected_email_context, ner_tags, n_tokens, n_per_spans, tokens, injected_email_multi_token, entity_density_bucket, injected_email_str, n_email_spans, injected_email_inserted_at. If injected_email_context, ner_tags, n_tokens, n_per_spans, tokens, injected_email_multi_token, entity_density_bucket, injected_email_str, n_email_spans, injected_email_inserted_at are not expected by `DebertaV2ForTokenClassification.forward`,  you can safely ignore this message.\n"}
,{"stream_name":"stderr","time":653.349985287,"data":"\n"}
,{"stream_name":"stderr","time":653.349992831,"data":"The following columns in the Evaluation set don't have a corresponding argument in `DebertaV2ForTokenClassification.forward` and have been ignored: injected_email_context, ner_tags, n_tokens, n_per_spans, tokens, injected_email_multi_token, entity_density_bucket, injected_email_str, n_email_spans, injected_email_inserted_at. If injected_email_context, ner_tags, n_tokens, n_per_spans, tokens, injected_email_multi_token, entity_density_bucket, injected_email_str, n_email_spans, injected_email_inserted_at are not expected by `DebertaV2ForTokenClassification.forward`,  you can safely ignore this message.\n"}
,{"stream_name":"stderr","time":653.3544792,"data":"\n"}
,{"stream_name":"stderr","time":653.354515372,"data":"***** Running Evaluation *****\n"}
,{"stream_name":"stderr","time":653.354522957,"data":"\n"}
,{"stream_name":"stderr","time":653.354528711,"data":"\n"}
,{"stream_name":"stderr","time":653.354534609,"data":"***** Running Evaluation *****\n"}
,{"stream_name":"stderr","time":653.355494219,"data":"  Num examples = 4278\n"}
,{"stream_name":"stderr","time":653.355519457,"data":"\n"}
,{"stream_name":"stderr","time":653.355525724,"data":"  Num examples = 4278\n"}
,{"stream_name":"stderr","time":653.356435667,"data":"  Batch size = 32\n"}
,{"stream_name":"stderr","time":653.356453347,"data":"\n"}
,{"stream_name":"stderr","time":653.356458369,"data":"  Batch size = 32\n"}
,{"stream_name":"stderr","time":669.206561449,"data":"Saving model checkpoint to /kaggle/working/deberta_seed42/checkpoint-3030\n"}
,{"stream_name":"stderr","time":669.206600517,"data":"\n"}
,{"stream_name":"stderr","time":669.206604007,"data":"Saving model checkpoint to /kaggle/working/deberta_seed42/checkpoint-3030\n"}
,{"stream_name":"stderr","time":669.208907364,"data":"Configuration saved in /kaggle/working/deberta_seed42/checkpoint-3030/config.json\n"}
,{"stream_name":"stderr","time":669.208938754,"data":"\n"}
,{"stream_name":"stderr","time":669.208942725,"data":"Configuration saved in /kaggle/working/deberta_seed42/checkpoint-3030/config.json\n"}
,{"stream_name":"stdout","time":669.230680781,"data":"{'eval_overall_f1': '0.936', 'eval_per_f1': '0.9102', 'eval_email_f1': '0.9965', 'eval_token_fpr': '0.006784', 'eval_token_fnr': '0.01766', 'eval_loss': '0.03247', 'eval_runtime': '15.85', 'eval_samples_per_second': '269.9', 'eval_steps_per_second': '8.454', 'epoch': '2'}\n"}
,{"stream_name":"stderr","time":669.839929913,"data":"Model weights saved in /kaggle/working/deberta_seed42/checkpoint-3030/model.safetensors\n"}
,{"stream_name":"stderr","time":669.839998541,"data":"\n"}
,{"stream_name":"stderr","time":669.840005525,"data":"Model weights saved in /kaggle/working/deberta_seed42/checkpoint-3030/model.safetensors\n"}
,{"stream_name":"stderr","time":670.048970531,"data":"tokenizer config file saved in /kaggle/working/deberta_seed42/checkpoint-3030/tokenizer_config.json\n"}
,{"stream_name":"stderr","time":670.049005966,"data":"\n"}
,{"stream_name":"stderr","time":670.049011169,"data":"tokenizer config file saved in /kaggle/working/deberta_seed42/checkpoint-3030/tokenizer_config.json\n"}
,{"stream_name":"stderr","time":670.820230957,"data":"Deleting older checkpoint [/kaggle/working/deberta_seed42/checkpoint-1515] due to args.save_total_limit\n"}
,{"stream_name":"stderr","time":670.820294063,"data":"\n"}
,{"stream_name":"stderr","time":670.820301185,"data":"Deleting older checkpoint [/kaggle/working/deberta_seed42/checkpoint-1515] due to args.save_total_limit\n"}
,{"stream_name":"stdout","time":675.125304765,"data":"{'loss': '0.05712', 'grad_norm': '0.6138', 'learning_rate': '3.32e-06', 'epoch': '2.013'}\n"}
,{"stream_name":"stdout","time":684.641794304,"data":"{'loss': '0.03867', 'grad_norm': '2.051', 'learning_rate': '3.283e-06', 'epoch': '2.046'}\n"}
,{"stream_name":"stdout","time":694.220552611,"data":"{'loss': '0.03726', 'grad_norm': '0.959', 'learning_rate': '3.246e-06', 'epoch': '2.079'}\n"}
,{"stream_name":"stdout","time":703.844869434,"data":"{'loss': '0.0472', 'grad_norm': '0.4792', 'learning_rate': '3.21e-06', 'epoch': '2.112'}\n"}
,{"stream_name":"stdout","time":713.400638772,"data":"{'loss': '0.03534', 'grad_norm': '1.025', 'learning_rate': '3.173e-06', 'epoch': '2.145'}\n"}
,{"stream_name":"stdout","time":722.93807113,"data":"{'loss': '0.03961', 'grad_norm': '0.8281', 'learning_rate': '3.136e-06', 'epoch': '2.178'}\n"}
,{"stream_name":"stdout","time":732.339754162,"data":"{'loss': '0.02833', 'grad_norm': '2.301', 'learning_rate': '3.1e-06', 'epoch': '2.211'}\n"}
,{"stream_name":"stdout","time":741.858470369,"data":"{'loss': '0.03495', 'grad_norm': '7.18', 'learning_rate': '3.063e-06', 'epoch': '2.244'}\n"}
,{"stream_name":"stdout","time":751.408543581,"data":"{'loss': '0.04261', 'grad_norm': '0.7339', 'learning_rate': '3.026e-06', 'epoch': '2.277'}\n"}
,{"stream_name":"stdout","time":761.003083097,"data":"{'loss': '0.04305', 'grad_norm': '3.035', 'learning_rate': '2.99e-06', 'epoch': '2.31'}\n"}
,{"stream_name":"stdout","time":770.551310496,"data":"{'loss': '0.03475', 'grad_norm': '0.469', 'learning_rate': '2.953e-06', 'epoch': '2.343'}\n"}
,{"stream_name":"stdout","time":780.017505338,"data":"{'loss': '0.035', 'grad_norm': '0.9814', 'learning_rate': '2.916e-06', 'epoch': '2.376'}\n"}
,{"stream_name":"stdout","time":789.542041154,"data":"{'loss': '0.0488', 'grad_norm': '1.433', 'learning_rate': '2.88e-06', 'epoch': '2.409'}\n"}
,{"stream_name":"stdout","time":799.126156342,"data":"{'loss': '0.03686', 'grad_norm': '0.3669', 'learning_rate': '2.843e-06', 'epoch': '2.442'}\n"}
,{"stream_name":"stdout","time":808.669479799,"data":"{'loss': '0.03407', 'grad_norm': '1.912', 'learning_rate': '2.806e-06', 'epoch': '2.475'}\n"}
,{"stream_name":"stdout","time":818.270433974,"data":"{'loss': '0.04055', 'grad_norm': '1.168', 'learning_rate': '2.77e-06', 'epoch': '2.508'}\n"}
,{"stream_name":"stdout","time":827.762623529,"data":"{'loss': '0.0365', 'grad_norm': '2.117', 'learning_rate': '2.733e-06', 'epoch': '2.541'}\n"}
,{"stream_name":"stdout","time":837.338574615,"data":"{'loss': '0.03357', 'grad_norm': '1.289', 'learning_rate': '2.696e-06', 'epoch': '2.574'}\n"}
,{"stream_name":"stdout","time":846.857623057,"data":"{'loss': '0.03325', 'grad_norm': '0.9893', 'learning_rate': '2.66e-06', 'epoch': '2.607'}\n"}
,{"stream_name":"stdout","time":856.387440644,"data":"{'loss': '0.03607', 'grad_norm': '0.8413', 'learning_rate': '2.623e-06', 'epoch': '2.64'}\n"}
,{"stream_name":"stdout","time":865.940773508,"data":"{'loss': '0.03715', 'grad_norm': '1.105', 'learning_rate': '2.586e-06', 'epoch': '2.673'}\n"}
,{"stream_name":"stdout","time":875.511327668,"data":"{'loss': '0.03172', 'grad_norm': '0.5459', 'learning_rate': '2.55e-06', 'epoch': '2.706'}\n"}
,{"stream_name":"stdout","time":885.068403123,"data":"{'loss': '0.02628', 'grad_norm': '0.8721', 'learning_rate': '2.513e-06', 'epoch': '2.739'}\n"}
,{"stream_name":"stdout","time":894.596955617,"data":"{'loss': '0.03499', 'grad_norm': '0.06555', 'learning_rate': '2.476e-06', 'epoch': '2.772'}\n"}
,{"stream_name":"stdout","time":904.147506241,"data":"{'loss': '0.03668', 'grad_norm': '1.312', 'learning_rate': '2.439e-06', 'epoch': '2.805'}\n"}
,{"stream_name":"stdout","time":913.648504238,"data":"{'loss': '0.03273', 'grad_norm': '0.1489', 'learning_rate': '2.403e-06', 'epoch': '2.838'}\n"}
,{"stream_name":"stdout","time":923.181649539,"data":"{'loss': '0.03628', 'grad_norm': '1.31', 'learning_rate': '2.366e-06', 'epoch': '2.871'}\n"}
,{"stream_name":"stdout","time":932.774904907,"data":"{'loss': '0.05521', 'grad_norm': '0.5596', 'learning_rate': '2.329e-06', 'epoch': '2.904'}\n"}
,{"stream_name":"stdout","time":942.350130865,"data":"{'loss': '0.02866', 'grad_norm': '0.6816', 'learning_rate': '2.293e-06', 'epoch': '2.937'}\n"}
,{"stream_name":"stdout","time":951.895067608,"data":"{'loss': '0.03423', 'grad_norm': '0.08423', 'learning_rate': '2.256e-06', 'epoch': '2.97'}\n"}
,{"stream_name":"stderr","time":960.270778081,"data":"The following columns in the Evaluation set don't have a corresponding argument in `DebertaV2ForTokenClassification.forward` and have been ignored: injected_email_context, ner_tags, n_tokens, n_per_spans, tokens, injected_email_multi_token, entity_density_bucket, injected_email_str, n_email_spans, injected_email_inserted_at. If injected_email_context, ner_tags, n_tokens, n_per_spans, tokens, injected_email_multi_token, entity_density_bucket, injected_email_str, n_email_spans, injected_email_inserted_at are not expected by `DebertaV2ForTokenClassification.forward`,  you can safely ignore this message.\n"}
,{"stream_name":"stderr","time":960.270837689,"data":"\n"}
,{"stream_name":"stderr","time":960.270845365,"data":"The following columns in the Evaluation set don't have a corresponding argument in `DebertaV2ForTokenClassification.forward` and have been ignored: injected_email_context, ner_tags, n_tokens, n_per_spans, tokens, injected_email_multi_token, entity_density_bucket, injected_email_str, n_email_spans, injected_email_inserted_at. If injected_email_context, ner_tags, n_tokens, n_per_spans, tokens, injected_email_multi_token, entity_density_bucket, injected_email_str, n_email_spans, injected_email_inserted_at are not expected by `DebertaV2ForTokenClassification.forward`,  you can safely ignore this message.\n"}
,{"stream_name":"stderr","time":960.275789764,"data":"\n"}
,{"stream_name":"stderr","time":960.275826812,"data":"***** Running Evaluation *****\n"}
,{"stream_name":"stderr","time":960.275832708,"data":"\n"}
,{"stream_name":"stderr","time":960.275836765,"data":"\n"}
,{"stream_name":"stderr","time":960.275840471,"data":"***** Running Evaluation *****\n"}
,{"stream_name":"stderr","time":960.276825566,"data":"  Num examples = 4278\n"}
,{"stream_name":"stderr","time":960.276845181,"data":"\n"}
,{"stream_name":"stderr","time":960.276849741,"data":"  Num examples = 4278\n"}
,{"stream_name":"stderr","time":960.279500329,"data":"  Batch size = 32\n"}
,{"stream_name":"stderr","time":960.279522041,"data":"\n"}
,{"stream_name":"stderr","time":960.27952715,"data":"  Batch size = 32\n"}
,{"stream_name":"stderr","time":976.16219096,"data":"Saving model checkpoint to /kaggle/working/deberta_seed42/checkpoint-4545\n"}
,{"stream_name":"stderr","time":976.162235168,"data":"\n"}
,{"stream_name":"stderr","time":976.162240876,"data":"Saving model checkpoint to /kaggle/working/deberta_seed42/checkpoint-4545\n"}
,{"stream_name":"stderr","time":976.165705843,"data":"Configuration saved in /kaggle/working/deberta_seed42/checkpoint-4545/config.json\n"}
,{"stream_name":"stderr","time":976.165741921,"data":"\n"}
,{"stream_name":"stderr","time":976.165747209,"data":"Configuration saved in /kaggle/working/deberta_seed42/checkpoint-4545/config.json\n"}
,{"stream_name":"stdout","time":976.184229221,"data":"{'eval_overall_f1': '0.9414', 'eval_per_f1': '0.9174', 'eval_email_f1': '0.9992', 'eval_token_fpr': '0.01258', 'eval_token_fnr': '0.008363', 'eval_loss': '0.04282', 'eval_runtime': '15.89', 'eval_samples_per_second': '269.3', 'eval_steps_per_second': '8.435', 'epoch': '3'}\n"}
,{"stream_name":"stderr","time":976.806929442,"data":"Model weights saved in /kaggle/working/deberta_seed42/checkpoint-4545/model.safetensors\n"}
,{"stream_name":"stderr","time":976.806986024,"data":"\n"}
,{"stream_name":"stderr","time":976.806992531,"data":"Model weights saved in /kaggle/working/deberta_seed42/checkpoint-4545/model.safetensors\n"}
,{"stream_name":"stderr","time":977.016897438,"data":"tokenizer config file saved in /kaggle/working/deberta_seed42/checkpoint-4545/tokenizer_config.json\n"}
,{"stream_name":"stderr","time":977.016945876,"data":"\n"}
,{"stream_name":"stderr","time":977.016950792,"data":"tokenizer config file saved in /kaggle/working/deberta_seed42/checkpoint-4545/tokenizer_config.json\n"}
,{"stream_name":"stderr","time":977.797522492,"data":"Deleting older checkpoint [/kaggle/working/deberta_seed42/checkpoint-3030] due to args.save_total_limit\n"}
,{"stream_name":"stderr","time":977.797561988,"data":"\n"}
,{"stream_name":"stderr","time":977.797568386,"data":"Deleting older checkpoint [/kaggle/working/deberta_seed42/checkpoint-3030] due to args.save_total_limit\n"}
,{"stream_name":"stdout","time":979.249793414,"data":"{'loss': '0.02609', 'grad_norm': '6.879', 'learning_rate': '2.219e-06', 'epoch': '3.003'}\n"}
,{"stream_name":"stdout","time":988.754193332,"data":"{'loss': '0.01787', 'grad_norm': '0.5352', 'learning_rate': '2.183e-06', 'epoch': '3.036'}\n"}
,{"stream_name":"stdout","time":998.313923674,"data":"{'loss': '0.01121', 'grad_norm': '0.8242', 'learning_rate': '2.146e-06', 'epoch': '3.069'}\n"}
,{"stream_name":"stdout","time":1007.963406436,"data":"{'loss': '0.02006', 'grad_norm': '0.1492', 'learning_rate': '2.109e-06', 'epoch': '3.102'}\n"}
,{"stream_name":"stdout","time":1017.579009615,"data":"{'loss': '0.01789', 'grad_norm': '0.02451', 'learning_rate': '2.073e-06', 'epoch': '3.135'}\n"}
,{"stream_name":"stdout","time":1027.19142252,"data":"{'loss': '0.01783', 'grad_norm': '0.6836', 'learning_rate': '2.036e-06', 'epoch': '3.168'}\n"}
,{"stream_name":"stdout","time":1036.672301628,"data":"{'loss': '0.02149', 'grad_norm': '0.1097', 'learning_rate': '1.999e-06', 'epoch': '3.201'}\n"}
,{"stream_name":"stdout","time":1046.183328918,"data":"{'loss': '0.02273', 'grad_norm': '1.909', 'learning_rate': '1.963e-06', 'epoch': '3.234'}\n"}
,{"stream_name":"stdout","time":1055.699916462,"data":"{'loss': '0.02451', 'grad_norm': '1.431', 'learning_rate': '1.926e-06', 'epoch': '3.267'}\n"}
,{"stream_name":"stdout","time":1065.223408935,"data":"{'loss': '0.01736', 'grad_norm': '0.5698', 'learning_rate': '1.889e-06', 'epoch': '3.3'}\n"}
,{"stream_name":"stdout","time":1074.731808359,"data":"{'loss': '0.02816', 'grad_norm': '0.7114', 'learning_rate': '1.853e-06', 'epoch': '3.333'}\n"}
,{"stream_name":"stdout","time":1084.285928402,"data":"{'loss': '0.01663', 'grad_norm': '0.0347', 'learning_rate': '1.816e-06', 'epoch': '3.366'}\n"}
,{"stream_name":"stdout","time":1093.82270788,"data":"{'loss': '0.01607', 'grad_norm': '1.765', 'learning_rate': '1.779e-06', 'epoch': '3.399'}\n"}
,{"stream_name":"stdout","time":1103.404728734,"data":"{'loss': '0.02004', 'grad_norm': '0.8447', 'learning_rate': '1.743e-06', 'epoch': '3.432'}\n"}
,{"stream_name":"stdout","time":1112.92959741,"data":"{'loss': '0.0241', 'grad_norm': '0.8452', 'learning_rate': '1.706e-06', 'epoch': '3.465'}\n"}
,{"stream_name":"stdout","time":1122.475187625,"data":"{'loss': '0.01206', 'grad_norm': '0.5996', 'learning_rate': '1.669e-06', 'epoch': '3.498'}\n"}
,{"stream_name":"stdout","time":1132.014286767,"data":"{'loss': '0.02229', 'grad_norm': '0.4233', 'learning_rate': '1.633e-06', 'epoch': '3.531'}\n"}
,{"stream_name":"stdout","time":1141.603775002,"data":"{'loss': '0.01722', 'grad_norm': '0.4707', 'learning_rate': '1.596e-06', 'epoch': '3.564'}\n"}
,{"stream_name":"stdout","time":1151.142763492,"data":"{'loss': '0.01962', 'grad_norm': '0.1777', 'learning_rate': '1.559e-06', 'epoch': '3.597'}\n"}
,{"stream_name":"stdout","time":1160.692360011,"data":"{'loss': '0.01497', 'grad_norm': '0.376', 'learning_rate': '1.523e-06', 'epoch': '3.63'}\n"}
,{"stream_name":"stdout","time":1170.122001166,"data":"{'loss': '0.01471', 'grad_norm': '0.2668', 'learning_rate': '1.486e-06', 'epoch': '3.663'}\n"}
,{"stream_name":"stdout","time":1179.675158553,"data":"{'loss': '0.02117', 'grad_norm': '0.415', 'learning_rate': '1.449e-06', 'epoch': '3.696'}\n"}
,{"stream_name":"stdout","time":1189.144743905,"data":"{'loss': '0.01809', 'grad_norm': '0.979', 'learning_rate': '1.413e-06', 'epoch': '3.729'}\n"}
,{"stream_name":"stdout","time":1198.641122047,"data":"{'loss': '0.02066', 'grad_norm': '0.1732', 'learning_rate': '1.376e-06', 'epoch': '3.762'}\n"}
,{"stream_name":"stdout","time":1208.09022997,"data":"{'loss': '0.02163', 'grad_norm': '1.29', 'learning_rate': '1.339e-06', 'epoch': '3.795'}\n"}
,{"stream_name":"stdout","time":1217.640535535,"data":"{'loss': '0.008903', 'grad_norm': '0.6162', 'learning_rate': '1.303e-06', 'epoch': '3.828'}\n"}
,{"stream_name":"stdout","time":1227.141097773,"data":"{'loss': '0.0158', 'grad_norm': '0.1016', 'learning_rate': '1.266e-06', 'epoch': '3.861'}\n"}
,{"stream_name":"stdout","time":1236.632589429,"data":"{'loss': '0.01421', 'grad_norm': '0.03943', 'learning_rate': '1.229e-06', 'epoch': '3.894'}\n"}
,{"stream_name":"stdout","time":1246.129944643,"data":"{'loss': '0.01757', 'grad_norm': '0.04965', 'learning_rate': '1.193e-06', 'epoch': '3.927'}\n"}
,{"stream_name":"stdout","time":1255.674338321,"data":"{'loss': '0.0162', 'grad_norm': '0.07837', 'learning_rate': '1.156e-06', 'epoch': '3.96'}\n"}
,{"stream_name":"stdout","time":1265.208205433,"data":"{'loss': '0.01466', 'grad_norm': '0.8325', 'learning_rate': '1.119e-06', 'epoch': '3.993'}\n"}
,{"stream_name":"stderr","time":1266.896528309,"data":"The following columns in the Evaluation set don't have a corresponding argument in `DebertaV2ForTokenClassification.forward` and have been ignored: injected_email_context, ner_tags, n_tokens, n_per_spans, tokens, injected_email_multi_token, entity_density_bucket, injected_email_str, n_email_spans, injected_email_inserted_at. If injected_email_context, ner_tags, n_tokens, n_per_spans, tokens, injected_email_multi_token, entity_density_bucket, injected_email_str, n_email_spans, injected_email_inserted_at are not expected by `DebertaV2ForTokenClassification.forward`,  you can safely ignore this message.\n"}
,{"stream_name":"stderr","time":1266.896575592,"data":"\n"}
,{"stream_name":"stderr","time":1266.896606288,"data":"The following columns in the Evaluation set don't have a corresponding argument in `DebertaV2ForTokenClassification.forward` and have been ignored: injected_email_context, ner_tags, n_tokens, n_per_spans, tokens, injected_email_multi_token, entity_density_bucket, injected_email_str, n_email_spans, injected_email_inserted_at. If injected_email_context, ner_tags, n_tokens, n_per_spans, tokens, injected_email_multi_token, entity_density_bucket, injected_email_str, n_email_spans, injected_email_inserted_at are not expected by `DebertaV2ForTokenClassification.forward`,  you can safely ignore this message.\n"}
,{"stream_name":"stderr","time":1266.903629344,"data":"\n"}
,{"stream_name":"stderr","time":1266.903660132,"data":"***** Running Evaluation *****\n"}
,{"stream_name":"stderr","time":1266.903666313,"data":"\n"}
,{"stream_name":"stderr","time":1266.903671174,"data":"\n"}
,{"stream_name":"stderr","time":1266.903693508,"data":"***** Running Evaluation *****\n"}
,{"stream_name":"stderr","time":1266.904795639,"data":"  Num examples = 4278\n"}
,{"stream_name":"stderr","time":1266.904819887,"data":"\n"}
,{"stream_name":"stderr","time":1266.904825985,"data":"  Num examples = 4278\n"}
,{"stream_name":"stderr","time":1266.906002436,"data":"  Batch size = 32\n"}
,{"stream_name":"stderr","time":1266.906021791,"data":"\n"}
,{"stream_name":"stderr","time":1266.90602799,"data":"  Batch size = 32\n"}
,{"stream_name":"stderr","time":1282.79248731,"data":"Saving model checkpoint to /kaggle/working/deberta_seed42/checkpoint-6060\n"}
,{"stream_name":"stderr","time":1282.792552513,"data":"\n"}
,{"stream_name":"stderr","time":1282.792560844,"data":"Saving model checkpoint to /kaggle/working/deberta_seed42/checkpoint-6060\n"}
,{"stream_name":"stderr","time":1282.795029083,"data":"Configuration saved in /kaggle/working/deberta_seed42/checkpoint-6060/config.json\n"}
,{"stream_name":"stderr","time":1282.795076248,"data":"\n"}
,{"stream_name":"stderr","time":1282.795082784,"data":"Configuration saved in /kaggle/working/deberta_seed42/checkpoint-6060/config.json\n"}
,{"stream_name":"stdout","time":1282.81187542,"data":"{'eval_overall_f1': '0.9528', 'eval_per_f1': '0.933', 'eval_email_f1': '0.9994', 'eval_token_fpr': '0.007259', 'eval_token_fnr': '0.01197', 'eval_loss': '0.03568', 'eval_runtime': '15.89', 'eval_samples_per_second': '269.3', 'eval_steps_per_second': '8.435', 'epoch': '4'}\n"}
,{"stream_name":"stderr","time":1283.415841178,"data":"Model weights saved in /kaggle/working/deberta_seed42/checkpoint-6060/model.safetensors\n"}
,{"stream_name":"stderr","time":1283.415879567,"data":"\n"}
,{"stream_name":"stderr","time":1283.415884221,"data":"Model weights saved in /kaggle/working/deberta_seed42/checkpoint-6060/model.safetensors\n"}
,{"stream_name":"stderr","time":1283.437126897,"data":"tokenizer config file saved in /kaggle/working/deberta_seed42/checkpoint-6060/tokenizer_config.json\n"}
,{"stream_name":"stderr","time":1283.437153833,"data":"\n"}
,{"stream_name":"stderr","time":1283.437158505,"data":"tokenizer config file saved in /kaggle/working/deberta_seed42/checkpoint-6060/tokenizer_config.json\n"}
,{"stream_name":"stderr","time":1284.37797537,"data":"Deleting older checkpoint [/kaggle/working/deberta_seed42/checkpoint-4545] due to args.save_total_limit\n"}
,{"stream_name":"stderr","time":1284.378005808,"data":"\n"}
,{"stream_name":"stderr","time":1284.378009653,"data":"Deleting older checkpoint [/kaggle/working/deberta_seed42/checkpoint-4545] due to args.save_total_limit\n"}
,{"stream_name":"stdout","time":1292.503835564,"data":"{'loss': '0.007559', 'grad_norm': '0.8667', 'learning_rate': '1.083e-06', 'epoch': '4.026'}\n"}
,{"stream_name":"stdout","time":1302.051942458,"data":"{'loss': '0.009065', 'grad_norm': '0.02171', 'learning_rate': '1.046e-06', 'epoch': '4.059'}\n"}
,{"stream_name":"stdout","time":1311.702869497,"data":"{'loss': '0.01353', 'grad_norm': '1.821', 'learning_rate': '1.009e-06', 'epoch': '4.092'}\n"}
,{"stream_name":"stdout","time":1321.237610183,"data":"{'loss': '0.01206', 'grad_norm': '0.4739', 'learning_rate': '9.726e-07', 'epoch': '4.125'}\n"}
,{"stream_name":"stdout","time":1330.724084565,"data":"{'loss': '0.007595', 'grad_norm': '0.4194', 'learning_rate': '9.359e-07', 'epoch': '4.158'}\n"}
,{"stream_name":"stdout","time":1340.215787765,"data":"{'loss': '0.008488', 'grad_norm': '0.4724', 'learning_rate': '8.992e-07', 'epoch': '4.191'}\n"}
,{"stream_name":"stdout","time":1349.731982766,"data":"{'loss': '0.01092', 'grad_norm': '1.014', 'learning_rate': '8.625e-07', 'epoch': '4.224'}\n"}
,{"stream_name":"stdout","time":1359.256337997,"data":"{'loss': '0.008922', 'grad_norm': '0.04077', 'learning_rate': '8.259e-07', 'epoch': '4.257'}\n"}
,{"stream_name":"stdout","time":1368.780734216,"data":"{'loss': '0.007999', 'grad_norm': '0.02461', 'learning_rate': '7.892e-07', 'epoch': '4.29'}\n"}
,{"stream_name":"stdout","time":1378.27113717,"data":"{'loss': '0.007115', 'grad_norm': '0.01991', 'learning_rate': '7.525e-07', 'epoch': '4.323'}\n"}
,{"stream_name":"stdout","time":1387.84395656,"data":"{'loss': '0.007479', 'grad_norm': '0.1454', 'learning_rate': '7.159e-07', 'epoch': '4.356'}\n"}
,{"stream_name":"stdout","time":1397.35650183,"data":"{'loss': '0.01415', 'grad_norm': '0.05881', 'learning_rate': '6.792e-07', 'epoch': '4.389'}\n"}
,{"stream_name":"stdout","time":1406.939829047,"data":"{'loss': '0.008698', 'grad_norm': '0.2109', 'learning_rate': '6.425e-07', 'epoch': '4.422'}\n"}
,{"stream_name":"stdout","time":1416.446030963,"data":"{'loss': '0.01016', 'grad_norm': '0.958', 'learning_rate': '6.058e-07', 'epoch': '4.455'}\n"}
,{"stream_name":"stdout","time":1426.003090728,"data":"{'loss': '0.008805', 'grad_norm': '0.3103', 'learning_rate': '5.692e-07', 'epoch': '4.488'}\n"}
,{"stream_name":"stdout","time":1435.52741824,"data":"{'loss': '0.008506', 'grad_norm': '0.1509', 'learning_rate': '5.325e-07', 'epoch': '4.521'}\n"}
,{"stream_name":"stdout","time":1445.080450351,"data":"{'loss': '0.006558', 'grad_norm': '0.05539', 'learning_rate': '4.958e-07', 'epoch': '4.554'}\n"}
,{"stream_name":"stdout","time":1454.59296003,"data":"{'loss': '0.005359', 'grad_norm': '0.02382', 'learning_rate': '4.591e-07', 'epoch': '4.587'}\n"}
,{"stream_name":"stdout","time":1464.140793731,"data":"{'loss': '0.006128', 'grad_norm': '0.7856', 'learning_rate': '4.225e-07', 'epoch': '4.62'}\n"}
,{"stream_name":"stdout","time":1473.668699896,"data":"{'loss': '0.01029', 'grad_norm': '0.06311', 'learning_rate': '3.858e-07', 'epoch': '4.653'}\n"}
,{"stream_name":"stdout","time":1483.217117244,"data":"{'loss': '0.007718', 'grad_norm': '0.03369', 'learning_rate': '3.491e-07', 'epoch': '4.686'}\n"}
,{"stream_name":"stdout","time":1492.700778945,"data":"{'loss': '0.008334', 'grad_norm': '1.193', 'learning_rate': '3.125e-07', 'epoch': '4.719'}\n"}
,{"stream_name":"stdout","time":1502.121033226,"data":"{'loss': '0.007118', 'grad_norm': '0.2279', 'learning_rate': '2.758e-07', 'epoch': '4.752'}\n"}
,{"stream_name":"stdout","time":1511.577001032,"data":"{'loss': '0.007096', 'grad_norm': '0.02753', 'learning_rate': '2.391e-07', 'epoch': '4.785'}\n"}
,{"stream_name":"stdout","time":1521.113728611,"data":"{'loss': '0.009661', 'grad_norm': '0.02281', 'learning_rate': '2.024e-07', 'epoch': '4.818'}\n"}
,{"stream_name":"stdout","time":1530.597817353,"data":"{'loss': '0.007597', 'grad_norm': '0.05865', 'learning_rate': '1.658e-07', 'epoch': '4.851'}\n"}
,{"stream_name":"stdout","time":1540.091321537,"data":"{'loss': '0.01059', 'grad_norm': '0.08405', 'learning_rate': '1.291e-07', 'epoch': '4.884'}\n"}
,{"stream_name":"stdout","time":1549.598035258,"data":"{'loss': '0.009716', 'grad_norm': '0.06274', 'learning_rate': '9.242e-08', 'epoch': '4.917'}\n"}
,{"stream_name":"stdout","time":1559.142058986,"data":"{'loss': '0.008876', 'grad_norm': '0.2125', 'learning_rate': '5.574e-08', 'epoch': '4.95'}\n"}
,{"stream_name":"stdout","time":1568.63229983,"data":"{'loss': '0.005742', 'grad_norm': '0.02655', 'learning_rate': '1.907e-08', 'epoch': '4.983'}\n"}
,{"stream_name":"stderr","time":1573.15201917,"data":"The following columns in the Evaluation set don't have a corresponding argument in `DebertaV2ForTokenClassification.forward` and have been ignored: injected_email_context, ner_tags, n_tokens, n_per_spans, tokens, injected_email_multi_token, entity_density_bucket, injected_email_str, n_email_spans, injected_email_inserted_at. If injected_email_context, ner_tags, n_tokens, n_per_spans, tokens, injected_email_multi_token, entity_density_bucket, injected_email_str, n_email_spans, injected_email_inserted_at are not expected by `DebertaV2ForTokenClassification.forward`,  you can safely ignore this message.\n"}
,{"stream_name":"stderr","time":1573.152067948,"data":"\n"}
,{"stream_name":"stderr","time":1573.152075258,"data":"The following columns in the Evaluation set don't have a corresponding argument in `DebertaV2ForTokenClassification.forward` and have been ignored: injected_email_context, ner_tags, n_tokens, n_per_spans, tokens, injected_email_multi_token, entity_density_bucket, injected_email_str, n_email_spans, injected_email_inserted_at. If injected_email_context, ner_tags, n_tokens, n_per_spans, tokens, injected_email_multi_token, entity_density_bucket, injected_email_str, n_email_spans, injected_email_inserted_at are not expected by `DebertaV2ForTokenClassification.forward`,  you can safely ignore this message.\n"}
,{"stream_name":"stderr","time":1573.156780367,"data":"\n"}
,{"stream_name":"stderr","time":1573.156825509,"data":"***** Running Evaluation *****\n"}
,{"stream_name":"stderr","time":1573.156834232,"data":"\n"}
,{"stream_name":"stderr","time":1573.156839748,"data":"\n"}
,{"stream_name":"stderr","time":1573.156845003,"data":"***** Running Evaluation *****\n"}
,{"stream_name":"stderr","time":1573.157796669,"data":"  Num examples = 4278\n"}
,{"stream_name":"stderr","time":1573.157826341,"data":"\n"}
,{"stream_name":"stderr","time":1573.1578332,"data":"  Num examples = 4278\n"}
,{"stream_name":"stderr","time":1573.158727227,"data":"  Batch size = 32\n"}
,{"stream_name":"stderr","time":1573.158771578,"data":"\n"}
,{"stream_name":"stderr","time":1573.158778176,"data":"  Batch size = 32\n"}
,{"stream_name":"stderr","time":1588.899094282,"data":"Saving model checkpoint to /kaggle/working/deberta_seed42/checkpoint-7575\n"}
,{"stream_name":"stderr","time":1588.899137767,"data":"\n"}
,{"stream_name":"stderr","time":1588.899144376,"data":"Saving model checkpoint to /kaggle/working/deberta_seed42/checkpoint-7575\n"}
,{"stream_name":"stderr","time":1588.901337791,"data":"Configuration saved in /kaggle/working/deberta_seed42/checkpoint-7575/config.json\n"}
,{"stream_name":"stderr","time":1588.901366799,"data":"\n"}
,{"stream_name":"stderr","time":1588.901373321,"data":"Configuration saved in /kaggle/working/deberta_seed42/checkpoint-7575/config.json\n"}
,{"stream_name":"stdout","time":1588.919179027,"data":"{'eval_overall_f1': '0.9552', 'eval_per_f1': '0.9362', 'eval_email_f1': '0.9998', 'eval_token_fpr': '0.007349', 'eval_token_fnr': '0.01112', 'eval_loss': '0.03763', 'eval_runtime': '15.74', 'eval_samples_per_second': '271.8', 'eval_steps_per_second': '8.513', 'epoch': '5'}\n"}
,{"stream_name":"stderr","time":1589.547269869,"data":"Model weights saved in /kaggle/working/deberta_seed42/checkpoint-7575/model.safetensors\n"}
,{"stream_name":"stderr","time":1589.547302122,"data":"\n"}
,{"stream_name":"stderr","time":1589.547308167,"data":"Model weights saved in /kaggle/working/deberta_seed42/checkpoint-7575/model.safetensors\n"}
,{"stream_name":"stderr","time":1589.548218244,"data":"tokenizer config file saved in /kaggle/working/deberta_seed42/checkpoint-7575/tokenizer_config.json\n"}
,{"stream_name":"stderr","time":1589.548234904,"data":"\n"}
,{"stream_name":"stderr","time":1589.548240453,"data":"tokenizer config file saved in /kaggle/working/deberta_seed42/checkpoint-7575/tokenizer_config.json\n"}
,{"stream_name":"stderr","time":1590.502592659,"data":"Deleting older checkpoint [/kaggle/working/deberta_seed42/checkpoint-6060] due to args.save_total_limit\n"}
,{"stream_name":"stderr","time":1590.502621394,"data":"\n"}
,{"stream_name":"stderr","time":1590.502627519,"data":"Deleting older checkpoint [/kaggle/working/deberta_seed42/checkpoint-6060] due to args.save_total_limit\n"}
,{"stream_name":"stderr","time":1590.629978073,"data":"\n"}
,{"stream_name":"stderr","time":1590.630010467,"data":"\n"}
,{"stream_name":"stderr","time":1590.630017637,"data":"Training completed. Do not forget to share your model on huggingface.co/models =)\n"}
,{"stream_name":"stderr","time":1590.630023597,"data":"\n"}
,{"stream_name":"stderr","time":1590.630029263,"data":"\n"}
,{"stream_name":"stderr","time":1590.630034353,"data":"\n"}
,{"stream_name":"stderr","time":1590.63003935,"data":"\n"}
,{"stream_name":"stderr","time":1590.630044293,"data":"\n"}
,{"stream_name":"stderr","time":1590.630049406,"data":"Training completed. Do not forget to share your model on huggingface.co/models =)\n"}
,{"stream_name":"stderr","time":1590.630054788,"data":"\n"}
,{"stream_name":"stderr","time":1590.630060555,"data":"\n"}
,{"stream_name":"stderr","time":1590.630993257,"data":"Loading best model from /kaggle/working/deberta_seed42/checkpoint-7575 (score: 0.9551700046576618).\n"}
,{"stream_name":"stderr","time":1590.631016435,"data":"\n"}
,{"stream_name":"stderr","time":1590.631023409,"data":"Loading best model from /kaggle/working/deberta_seed42/checkpoint-7575 (score: 0.9551700046576618).\n"}
,{"stream_name":"stderr","time":1590.721317732,"data":"There were missing keys in the checkpoint model loaded: ['deberta.embeddings.LayerNorm.weight', 'deberta.embeddings.LayerNorm.bias', 'deberta.encoder.layer.0.attention.output.LayerNorm.weight', 'deberta.encoder.layer.0.attention.output.LayerNorm.bias', 'deberta.encoder.layer.0.output.LayerNorm.weight', 'deberta.encoder.layer.0.output.LayerNorm.bias', 'deberta.encoder.layer.1.attention.output.LayerNorm.weight', 'deberta.encoder.layer.1.attention.output.LayerNorm.bias', 'deberta.encoder.layer.1.output.LayerNorm.weight', 'deberta.encoder.layer.1.output.LayerNorm.bias', 'deberta.encoder.layer.2.attention.output.LayerNorm.weight', 'deberta.encoder.layer.2.attention.output.LayerNorm.bias', 'deberta.encoder.layer.2.output.LayerNorm.weight', 'deberta.encoder.layer.2.output.LayerNorm.bias', 'deberta.encoder.layer.3.attention.output.LayerNorm.weight', 'deberta.encoder.layer.3.attention.output.LayerNorm.bias', 'deberta.encoder.layer.3.output.LayerNorm.weight', 'deberta.encoder.layer.3.output.LayerNorm.bias', 'deberta.encoder.layer.4.attention.output.LayerNorm.weight', 'deberta.encoder.layer.4.attention.output.LayerNorm.bias', 'deberta.encoder.layer.4.output.LayerNorm.weight', 'deberta.encoder.layer.4.output.LayerNorm.bias', 'deberta.encoder.layer.5.attention.output.LayerNorm.weight', 'deberta.encoder.layer.5.attention.output.LayerNorm.bias', 'deberta.encoder.layer.5.output.LayerNorm.weight', 'deberta.encoder.layer.5.output.LayerNorm.bias', 'deberta.encoder.LayerNorm.weight', 'deberta.encoder.LayerNorm.bias'].\n"}
,{"stream_name":"stderr","time":1590.721395633,"data":"\n"}
,{"stream_name":"stderr","time":1590.721402973,"data":"There were missing keys in the checkpoint model loaded: ['deberta.embeddings.LayerNorm.weight', 'deberta.embeddings.LayerNorm.bias', 'deberta.encoder.layer.0.attention.output.LayerNorm.weight', 'deberta.encoder.layer.0.attention.output.LayerNorm.bias', 'deberta.encoder.layer.0.output.LayerNorm.weight', 'deberta.encoder.layer.0.output.LayerNorm.bias', 'deberta.encoder.layer.1.attention.output.LayerNorm.weight', 'deberta.encoder.layer.1.attention.output.LayerNorm.bias', 'deberta.encoder.layer.1.output.LayerNorm.weight', 'deberta.encoder.layer.1.output.LayerNorm.bias', 'deberta.encoder.layer.2.attention.output.LayerNorm.weight', 'deberta.encoder.layer.2.attention.output.LayerNorm.bias', 'deberta.encoder.layer.2.output.LayerNorm.weight', 'deberta.encoder.layer.2.output.LayerNorm.bias', 'deberta.encoder.layer.3.attention.output.LayerNorm.weight', 'deberta.encoder.layer.3.attention.output.LayerNorm.bias', 'deberta.encoder.layer.3.output.LayerNorm.weight', 'deberta.encoder.layer.3.output.LayerNorm.bias', 'deberta.encoder.layer.4.attention.output.LayerNorm.weight', 'deberta.encoder.layer.4.attention.output.LayerNorm.bias', 'deberta.encoder.layer.4.output.LayerNorm.weight', 'deberta.encoder.layer.4.output.LayerNorm.bias', 'deberta.encoder.layer.5.attention.output.LayerNorm.weight', 'deberta.encoder.layer.5.attention.output.LayerNorm.bias', 'deberta.encoder.layer.5.output.LayerNorm.weight', 'deberta.encoder.layer.5.output.LayerNorm.bias', 'deberta.encoder.LayerNorm.weight', 'deberta.encoder.LayerNorm.bias'].\n"}
,{"stream_name":"stderr","time":1590.722357816,"data":"There were unexpected keys in the checkpoint model loaded: ['deberta.embeddings.LayerNorm.beta', 'deberta.embeddings.LayerNorm.gamma', 'deberta.encoder.layer.0.attention.output.LayerNorm.beta', 'deberta.encoder.layer.0.attention.output.LayerNorm.gamma', 'deberta.encoder.layer.0.output.LayerNorm.beta', 'deberta.encoder.layer.0.output.LayerNorm.gamma', 'deberta.encoder.layer.1.attention.output.LayerNorm.beta', 'deberta.encoder.layer.1.attention.output.LayerNorm.gamma', 'deberta.encoder.layer.1.output.LayerNorm.beta', 'deberta.encoder.layer.1.output.LayerNorm.gamma', 'deberta.encoder.layer.2.attention.output.LayerNorm.beta', 'deberta.encoder.layer.2.attention.output.LayerNorm.gamma', 'deberta.encoder.layer.2.output.LayerNorm.beta', 'deberta.encoder.layer.2.output.LayerNorm.gamma', 'deberta.encoder.layer.3.attention.output.LayerNorm.beta', 'deberta.encoder.layer.3.attention.output.LayerNorm.gamma', 'deberta.encoder.layer.3.output.LayerNorm.beta', 'deberta.encoder.layer.3.output.LayerNorm.gamma', 'deberta.encoder.layer.4.attention.output.LayerNorm.beta', 'deberta.encoder.layer.4.attention.output.LayerNorm.gamma', 'deberta.encoder.layer.4.output.LayerNorm.beta', 'deberta.encoder.layer.4.output.LayerNorm.gamma', 'deberta.encoder.layer.5.attention.output.LayerNorm.beta', 'deberta.encoder.layer.5.attention.output.LayerNorm.gamma', 'deberta.encoder.layer.5.output.LayerNorm.beta', 'deberta.encoder.layer.5.output.LayerNorm.gamma', 'deberta.encoder.LayerNorm.beta', 'deberta.encoder.LayerNorm.gamma'].\n"}
,{"stream_name":"stderr","time":1590.722409025,"data":"\n"}
,{"stream_name":"stderr","time":1590.722415728,"data":"There were unexpected keys in the checkpoint model loaded: ['deberta.embeddings.LayerNorm.beta', 'deberta.embeddings.LayerNorm.gamma', 'deberta.encoder.layer.0.attention.output.LayerNorm.beta', 'deberta.encoder.layer.0.attention.output.LayerNorm.gamma', 'deberta.encoder.layer.0.output.LayerNorm.beta', 'deberta.encoder.layer.0.output.LayerNorm.gamma', 'deberta.encoder.layer.1.attention.output.LayerNorm.beta', 'deberta.encoder.layer.1.attention.output.LayerNorm.gamma', 'deberta.encoder.layer.1.output.LayerNorm.beta', 'deberta.encoder.layer.1.output.LayerNorm.gamma', 'deberta.encoder.layer.2.attention.output.LayerNorm.beta', 'deberta.encoder.layer.2.attention.output.LayerNorm.gamma', 'deberta.encoder.layer.2.output.LayerNorm.beta', 'deberta.encoder.layer.2.output.LayerNorm.gamma', 'deberta.encoder.layer.3.attention.output.LayerNorm.beta', 'deberta.encoder.layer.3.attention.output.LayerNorm.gamma', 'deberta.encoder.layer.3.output.LayerNorm.beta', 'deberta.encoder.layer.3.output.LayerNorm.gamma', 'deberta.encoder.layer.4.attention.output.LayerNorm.beta', 'deberta.encoder.layer.4.attention.output.LayerNorm.gamma', 'deberta.encoder.layer.4.output.LayerNorm.beta', 'deberta.encoder.layer.4.output.LayerNorm.gamma', 'deberta.encoder.layer.5.attention.output.LayerNorm.beta', 'deberta.encoder.layer.5.attention.output.LayerNorm.gamma', 'deberta.encoder.layer.5.output.LayerNorm.beta', 'deberta.encoder.layer.5.output.LayerNorm.gamma', 'deberta.encoder.LayerNorm.beta', 'deberta.encoder.LayerNorm.gamma'].\n"}
,{"stream_name":"stderr","time":1590.735347868,"data":"The following columns in the Evaluation set don't have a corresponding argument in `DebertaV2ForTokenClassification.forward` and have been ignored: injected_email_context, ner_tags, n_tokens, n_per_spans, tokens, injected_email_multi_token, entity_density_bucket, injected_email_str, n_email_spans, injected_email_inserted_at. If injected_email_context, ner_tags, n_tokens, n_per_spans, tokens, injected_email_multi_token, entity_density_bucket, injected_email_str, n_email_spans, injected_email_inserted_at are not expected by `DebertaV2ForTokenClassification.forward`,  you can safely ignore this message.\n"}
,{"stream_name":"stderr","time":1590.735384014,"data":"\n"}
,{"stream_name":"stderr","time":1590.735387851,"data":"The following columns in the Evaluation set don't have a corresponding argument in `DebertaV2ForTokenClassification.forward` and have been ignored: injected_email_context, ner_tags, n_tokens, n_per_spans, tokens, injected_email_multi_token, entity_density_bucket, injected_email_str, n_email_spans, injected_email_inserted_at. If injected_email_context, ner_tags, n_tokens, n_per_spans, tokens, injected_email_multi_token, entity_density_bucket, injected_email_str, n_email_spans, injected_email_inserted_at are not expected by `DebertaV2ForTokenClassification.forward`,  you can safely ignore this message.\n"}
,{"stream_name":"stderr","time":1590.740139414,"data":"\n"}
,{"stream_name":"stderr","time":1590.74016253,"data":"***** Running Evaluation *****\n"}
,{"stream_name":"stderr","time":1590.740167364,"data":"\n"}
,{"stream_name":"stderr","time":1590.740171246,"data":"\n"}
,{"stream_name":"stderr","time":1590.740181604,"data":"***** Running Evaluation *****\n"}
,{"stream_name":"stderr","time":1590.741220307,"data":"  Num examples = 4278\n"}
,{"stream_name":"stderr","time":1590.741243983,"data":"\n"}
,{"stream_name":"stderr","time":1590.741283669,"data":"  Num examples = 4278\n"}
,{"stream_name":"stderr","time":1590.74242384,"data":"  Batch size = 32\n"}
,{"stream_name":"stderr","time":1590.742441595,"data":"\n"}
,{"stream_name":"stderr","time":1590.742446794,"data":"  Batch size = 32\n"}
,{"stream_name":"stdout","time":1590.744242795,"data":"{'train_runtime': '1533', 'train_samples_per_second': '79.08', 'train_steps_per_second': '4.943', 'train_loss': '0.1419', 'epoch': '5'}\n"}
,{"stream_name":"stderr","time":1606.563399509,"data":"The following columns in the Evaluation set don't have a corresponding argument in `DebertaV2ForTokenClassification.forward` and have been ignored: injected_email_context, ner_tags, n_tokens, n_per_spans, tokens, injected_email_multi_token, entity_density_bucket, injected_email_str, n_email_spans, injected_email_inserted_at. If injected_email_context, ner_tags, n_tokens, n_per_spans, tokens, injected_email_multi_token, entity_density_bucket, injected_email_str, n_email_spans, injected_email_inserted_at are not expected by `DebertaV2ForTokenClassification.forward`,  you can safely ignore this message.\n"}
,{"stream_name":"stderr","time":1606.563477166,"data":"\n"}
,{"stream_name":"stderr","time":1606.563483327,"data":"The following columns in the Evaluation set don't have a corresponding argument in `DebertaV2ForTokenClassification.forward` and have been ignored: injected_email_context, ner_tags, n_tokens, n_per_spans, tokens, injected_email_multi_token, entity_density_bucket, injected_email_str, n_email_spans, injected_email_inserted_at. If injected_email_context, ner_tags, n_tokens, n_per_spans, tokens, injected_email_multi_token, entity_density_bucket, injected_email_str, n_email_spans, injected_email_inserted_at are not expected by `DebertaV2ForTokenClassification.forward`,  you can safely ignore this message.\n"}
,{"stream_name":"stderr","time":1606.568043135,"data":"\n"}
,{"stream_name":"stderr","time":1606.568067984,"data":"***** Running Evaluation *****\n"}
,{"stream_name":"stderr","time":1606.568074275,"data":"\n"}
,{"stream_name":"stderr","time":1606.568079141,"data":"\n"}
,{"stream_name":"stderr","time":1606.568084864,"data":"***** Running Evaluation *****\n"}
,{"stream_name":"stderr","time":1606.568951155,"data":"  Num examples = 3650\n"}
,{"stream_name":"stderr","time":1606.568971459,"data":"\n"}
,{"stream_name":"stderr","time":1606.568977969,"data":"  Num examples = 3650\n"}
,{"stream_name":"stderr","time":1606.570028687,"data":"  Batch size = 32\n"}
,{"stream_name":"stderr","time":1606.570047527,"data":"\n"}
,{"stream_name":"stderr","time":1606.570053182,"data":"  Batch size = 32\n"}
,{"stream_name":"stdout","time":1606.57163474,"data":"{'eval_overall_f1': '0.9552', 'eval_per_f1': '0.9362', 'eval_email_f1': '0.9998', 'eval_token_fpr': '0.007349', 'eval_token_fnr': '0.01112', 'eval_loss': '0.03763', 'eval_runtime': '15.82', 'eval_samples_per_second': '270.4', 'eval_steps_per_second': '8.47', 'epoch': '5'}\n"}
,{"stream_name":"stdout","time":1606.57166269,"data":"\n"}
,{"stream_name":"stdout","time":1606.571687497,"data":"Validation metrics: {'eval_overall_f1': 0.9551700046576618, 'eval_per_f1': 0.9362302015092462, 'eval_email_f1': 0.9998045729919876, 'eval_token_fpr': 0.007349048392451747, 'eval_token_fnr': 0.011121243799906581, 'eval_loss': 0.037628173828125, 'eval_runtime': 15.8206, 'eval_samples_per_second': 270.407, 'eval_steps_per_second': 8.47, 'epoch': 5.0}\n"}
,{"stream_name":"stderr","time":1620.265487113,"data":"Saving model checkpoint to /kaggle/working/deberta_seed42/best_model\n"}
,{"stream_name":"stderr","time":1620.26552417,"data":"\n"}
,{"stream_name":"stderr","time":1620.265531472,"data":"Saving model checkpoint to /kaggle/working/deberta_seed42/best_model\n"}
,{"stream_name":"stderr","time":1620.266744307,"data":"Configuration saved in /kaggle/working/deberta_seed42/best_model/config.json\n"}
,{"stream_name":"stderr","time":1620.266768009,"data":"\n"}
,{"stream_name":"stderr","time":1620.266773545,"data":"Configuration saved in /kaggle/working/deberta_seed42/best_model/config.json\n"}
,{"stream_name":"stdout","time":1620.273694295,"data":"{'eval_overall_f1': '0.9392', 'eval_per_f1': '0.9273', 'eval_email_f1': '0.9676', 'eval_token_fpr': '0.008055', 'eval_token_fnr': '0.01467', 'eval_loss': '0.04901', 'eval_runtime': '13.67', 'eval_samples_per_second': '267', 'eval_steps_per_second': '8.413', 'epoch': '5'}\n"}
,{"stream_name":"stdout","time":1620.273725025,"data":"Test metrics: {'eval_overall_f1': 0.9392287502523722, 'eval_per_f1': 0.9273369617110666, 'eval_email_f1': 0.967624259005928, 'eval_token_fpr': 0.008055108049552803, 'eval_token_fnr': 0.014674389175508614, 'eval_loss': 0.04901123046875, 'eval_runtime': 13.6689, 'eval_samples_per_second': 267.029, 'eval_steps_per_second': 8.413, 'epoch': 5.0}\n"}
,{"stream_name":"stderr","time":1620.905973952,"data":"Model weights saved in /kaggle/working/deberta_seed42/best_model/model.safetensors\n"}
,{"stream_name":"stderr","time":1620.906012012,"data":"\n"}
,{"stream_name":"stderr","time":1620.906017121,"data":"Model weights saved in /kaggle/working/deberta_seed42/best_model/model.safetensors\n"}
,{"stream_name":"stderr","time":1620.935176733,"data":"tokenizer config file saved in /kaggle/working/deberta_seed42/best_model/tokenizer_config.json\n"}
,{"stream_name":"stderr","time":1620.935209482,"data":"\n"}
,{"stream_name":"stderr","time":1620.935215249,"data":"tokenizer config file saved in /kaggle/working/deberta_seed42/best_model/tokenizer_config.json\n"}
,{"stream_name":"stdout","time":1621.137815628,"data":"\n"}
,{"stream_name":"stdout","time":1621.137847493,"data":"Saved: deberta_seed42_result.json\n"}
,{"stream_name":"stdout","time":1621.137853417,"data":"\n"}
,{"stream_name":"stdout","time":1621.137858145,"data":"============================================================\n"}
,{"stream_name":"stdout","time":1621.137921541,"data":"START: deberta_seed0  |  model=microsoft/deberta-v3-small  |  seed=0\n"}
,{"stream_name":"stdout","time":1621.137929055,"data":"============================================================\n"}
,{"stream_name":"stdout","time":1621.13793325,"data":"\n"}
,{"stream_name":"stderr","time":1621.240473047,"data":"loading configuration file config.json from cache at /root/.cache/huggingface/hub/models--microsoft--deberta-v3-small/snapshots/a36c739020e01763fe789b4b85e2df55d6180012/config.json\n"}
,{"stream_name":"stderr","time":1621.240515795,"data":"\n"}
,{"stream_name":"stderr","time":1621.240519522,"data":"loading configuration file config.json from cache at /root/.cache/huggingface/hub/models--microsoft--deberta-v3-small/snapshots/a36c739020e01763fe789b4b85e2df55d6180012/config.json\n"}
,{"stream_name":"stderr","time":1621.242103193,"data":"Model config DebertaV2Config {\n"}
,{"stream_name":"stderr","time":1621.242132566,"data":"  \"attention_probs_dropout_prob\": 0.1,\n"}
,{"stream_name":"stderr","time":1621.242138125,"data":"  \"bos_token_id\": null,\n"}
,{"stream_name":"stderr","time":1621.242142254,"data":"  \"eos_token_id\": null,\n"}
,{"stream_name":"stderr","time":1621.242146397,"data":"  \"hidden_act\": \"gelu\",\n"}
,{"stream_name":"stderr","time":1621.242150171,"data":"  \"hidden_dropout_prob\": 0.1,\n"}
,{"stream_name":"stderr","time":1621.242154475,"data":"  \"hidden_size\": 768,\n"}
,{"stream_name":"stderr","time":1621.242158615,"data":"  \"initializer_range\": 0.02,\n"}
,{"stream_name":"stderr","time":1621.242163377,"data":"  \"intermediate_size\": 3072,\n"}
,{"stream_name":"stderr","time":1621.242182837,"data":"  \"layer_norm_eps\": 1e-07,\n"}
,{"stream_name":"stderr","time":1621.242187249,"data":"  \"legacy\": true,\n"}
,{"stream_name":"stderr","time":1621.242191227,"data":"  \"max_position_embeddings\": 512,\n"}
,{"stream_name":"stderr","time":1621.242195465,"data":"  \"max_relative_positions\": -1,\n"}
,{"stream_name":"stderr","time":1621.242199187,"data":"  \"model_type\": \"deberta-v2\",\n"}
,{"stream_name":"stderr","time":1621.242202813,"data":"  \"norm_rel_ebd\": \"layer_norm\",\n"}
,{"stream_name":"stderr","time":1621.242206581,"data":"  \"num_attention_heads\": 12,\n"}
,{"stream_name":"stderr","time":1621.242210276,"data":"  \"num_hidden_layers\": 6,\n"}
,{"stream_name":"stderr","time":1621.242219515,"data":"  \"pad_token_id\": 0,\n"}
,{"stream_name":"stderr","time":1621.242222117,"data":"  \"pooler_dropout\": 0,\n"}
,{"stream_name":"stderr","time":1621.242224383,"data":"  \"pooler_hidden_act\": \"gelu\",\n"}
,{"stream_name":"stderr","time":1621.242226743,"data":"  \"pooler_hidden_size\": 768,\n"}
,{"stream_name":"stderr","time":1621.242229179,"data":"  \"pos_att_type\": [\n"}
,{"stream_name":"stderr","time":1621.242231465,"data":"    \"p2c\",\n"}
,{"stream_name":"stderr","time":1621.242233798,"data":"    \"c2p\"\n"}
,{"stream_name":"stderr","time":1621.24223611,"data":"  ],\n"}
,{"stream_name":"stderr","time":1621.242239003,"data":"  \"position_biased_input\": false,\n"}
,{"stream_name":"stderr","time":1621.242272525,"data":"  \"position_buckets\": 256,\n"}
,{"stream_name":"stderr","time":1621.242277378,"data":"  \"relative_attention\": true,\n"}
,{"stream_name":"stderr","time":1621.242281975,"data":"  \"share_att_key\": true,\n"}
,{"stream_name":"stderr","time":1621.242327375,"data":"  \"tie_word_embeddings\": true,\n"}
,{"stream_name":"stderr","time":1621.242331023,"data":"  \"transformers_version\": \"5.0.0\",\n"}
,{"stream_name":"stderr","time":1621.242348102,"data":"  \"type_vocab_size\": 0,\n"}
,{"stream_name":"stderr","time":1621.242352376,"data":"  \"vocab_size\": 128100\n"}
,{"stream_name":"stderr","time":1621.242361566,"data":"}\n"}
,{"stream_name":"stderr","time":1621.242365854,"data":"\n"}
,{"stream_name":"stderr","time":1621.242369484,"data":"\n"}
,{"stream_name":"stderr","time":1621.242372836,"data":"Model config DebertaV2Config {\n"}
,{"stream_name":"stderr","time":1621.242376568,"data":"  \"attention_probs_dropout_prob\": 0.1,\n"}
,{"stream_name":"stderr","time":1621.242380282,"data":"  \"bos_token_id\": null,\n"}
,{"stream_name":"stderr","time":1621.242384417,"data":"  \"eos_token_id\": null,\n"}
,{"stream_name":"stderr","time":1621.242388368,"data":"  \"hidden_act\": \"gelu\",\n"}
,{"stream_name":"stderr","time":1621.242392662,"data":"  \"hidden_dropout_prob\": 0.1,\n"}
,{"stream_name":"stderr","time":1621.24239711,"data":"  \"hidden_size\": 768,\n"}
,{"stream_name":"stderr","time":1621.24240134,"data":"  \"initializer_range\": 0.02,\n"}
,{"stream_name":"stderr","time":1621.242404947,"data":"  \"intermediate_size\": 3072,\n"}
,{"stream_name":"stderr","time":1621.24240913,"data":"  \"layer_norm_eps\": 1e-07,\n"}
,{"stream_name":"stderr","time":1621.242413292,"data":"  \"legacy\": true,\n"}
,{"stream_name":"stderr","time":1621.242417658,"data":"  \"max_position_embeddings\": 512,\n"}
,{"stream_name":"stderr","time":1621.242421319,"data":"  \"max_relative_positions\": -1,\n"}
,{"stream_name":"stderr","time":1621.24242558,"data":"  \"model_type\": \"deberta-v2\",\n"}
,{"stream_name":"stderr","time":1621.242429704,"data":"  \"norm_rel_ebd\": \"layer_norm\",\n"}
,{"stream_name":"stderr","time":1621.242433818,"data":"  \"num_attention_heads\": 12,\n"}
,{"stream_name":"stderr","time":1621.242445182,"data":"  \"num_hidden_layers\": 6,\n"}
,{"stream_name":"stderr","time":1621.2424497,"data":"  \"pad_token_id\": 0,\n"}
,{"stream_name":"stderr","time":1621.24245311,"data":"  \"pooler_dropout\": 0,\n"}
,{"stream_name":"stderr","time":1621.242456904,"data":"  \"pooler_hidden_act\": \"gelu\",\n"}
,{"stream_name":"stderr","time":1621.242461412,"data":"  \"pooler_hidden_size\": 768,\n"}
,{"stream_name":"stderr","time":1621.242465464,"data":"  \"pos_att_type\": [\n"}
,{"stream_name":"stderr","time":1621.242469548,"data":"    \"p2c\",\n"}
,{"stream_name":"stderr","time":1621.242473535,"data":"    \"c2p\"\n"}
,{"stream_name":"stderr","time":1621.242477074,"data":"  ],\n"}
,{"stream_name":"stderr","time":1621.242481298,"data":"  \"position_biased_input\": false,\n"}
,{"stream_name":"stderr","time":1621.242485599,"data":"  \"position_buckets\": 256,\n"}
,{"stream_name":"stderr","time":1621.242489938,"data":"  \"relative_attention\": true,\n"}
,{"stream_name":"stderr","time":1621.242493298,"data":"  \"share_att_key\": true,\n"}
,{"stream_name":"stderr","time":1621.242496912,"data":"  \"tie_word_embeddings\": true,\n"}
,{"stream_name":"stderr","time":1621.24250115,"data":"  \"transformers_version\": \"5.0.0\",\n"}
,{"stream_name":"stderr","time":1621.242505368,"data":"  \"type_vocab_size\": 0,\n"}
,{"stream_name":"stderr","time":1621.242509546,"data":"  \"vocab_size\": 128100\n"}
,{"stream_name":"stderr","time":1621.24251341,"data":"}\n"}
,{"stream_name":"stderr","time":1621.242517439,"data":"\n"}
,{"stream_name":"stderr","time":1621.951701108,"data":"loading configuration file config.json from cache at /root/.cache/huggingface/hub/models--microsoft--deberta-v3-small/snapshots/a36c739020e01763fe789b4b85e2df55d6180012/config.json\n"}
,{"stream_name":"stderr","time":1621.951746446,"data":"\n"}
,{"stream_name":"stderr","time":1621.951752512,"data":"loading configuration file config.json from cache at /root/.cache/huggingface/hub/models--microsoft--deberta-v3-small/snapshots/a36c739020e01763fe789b4b85e2df55d6180012/config.json\n"}
,{"stream_name":"stderr","time":1621.952995554,"data":"Model config DebertaV2Config {\n"}
,{"stream_name":"stderr","time":1621.953019111,"data":"  \"attention_probs_dropout_prob\": 0.1,\n"}
,{"stream_name":"stderr","time":1621.953024899,"data":"  \"bos_token_id\": null,\n"}
,{"stream_name":"stderr","time":1621.953029715,"data":"  \"eos_token_id\": null,\n"}
,{"stream_name":"stderr","time":1621.953034549,"data":"  \"hidden_act\": \"gelu\",\n"}
,{"stream_name":"stderr","time":1621.953039591,"data":"  \"hidden_dropout_prob\": 0.1,\n"}
,{"stream_name":"stderr","time":1621.953043895,"data":"  \"hidden_size\": 768,\n"}
,{"stream_name":"stderr","time":1621.953047953,"data":"  \"id2label\": {\n"}
,{"stream_name":"stderr","time":1621.953052433,"data":"    \"0\": \"O\",\n"}
,{"stream_name":"stderr","time":1621.95305716,"data":"    \"1\": \"B-PER\",\n"}
,{"stream_name":"stderr","time":1621.953061273,"data":"    \"2\": \"I-PER\",\n"}
,{"stream_name":"stderr","time":1621.953065218,"data":"    \"3\": \"B-EMAIL\",\n"}
,{"stream_name":"stderr","time":1621.9530694,"data":"    \"4\": \"I-EMAIL\"\n"}
,{"stream_name":"stderr","time":1621.953073434,"data":"  },\n"}
,{"stream_name":"stderr","time":1621.953079048,"data":"  \"initializer_range\": 0.02,\n"}
,{"stream_name":"stderr","time":1621.953088099,"data":"  \"intermediate_size\": 3072,\n"}
,{"stream_name":"stderr","time":1621.953090922,"data":"  \"label2id\": {\n"}
,{"stream_name":"stderr","time":1621.953093471,"data":"    \"B-EMAIL\": 3,\n"}
,{"stream_name":"stderr","time":1621.953107371,"data":"    \"B-PER\": 1,\n"}
,{"stream_name":"stderr","time":1621.953110191,"data":"    \"I-EMAIL\": 4,\n"}
,{"stream_name":"stderr","time":1621.953112702,"data":"    \"I-PER\": 2,\n"}
,{"stream_name":"stderr","time":1621.953115171,"data":"    \"O\": 0\n"}
,{"stream_name":"stderr","time":1621.953117664,"data":"  },\n"}
,{"stream_name":"stderr","time":1621.953120174,"data":"  \"layer_norm_eps\": 1e-07,\n"}
,{"stream_name":"stderr","time":1621.953122775,"data":"  \"legacy\": true,\n"}
,{"stream_name":"stderr","time":1621.953125296,"data":"  \"max_position_embeddings\": 512,\n"}
,{"stream_name":"stderr","time":1621.953127902,"data":"  \"max_relative_positions\": -1,\n"}
,{"stream_name":"stderr","time":1621.953130539,"data":"  \"model_type\": \"deberta-v2\",\n"}
,{"stream_name":"stderr","time":1621.953133179,"data":"  \"norm_rel_ebd\": \"layer_norm\",\n"}
,{"stream_name":"stderr","time":1621.953135743,"data":"  \"num_attention_heads\": 12,\n"}
,{"stream_name":"stderr","time":1621.953138225,"data":"  \"num_hidden_layers\": 6,\n"}
,{"stream_name":"stderr","time":1621.953140806,"data":"  \"pad_token_id\": 0,\n"}
,{"stream_name":"stderr","time":1621.953143296,"data":"  \"pooler_dropout\": 0,\n"}
,{"stream_name":"stderr","time":1621.953145801,"data":"  \"pooler_hidden_act\": \"gelu\",\n"}
,{"stream_name":"stderr","time":1621.953148356,"data":"  \"pooler_hidden_size\": 768,\n"}
,{"stream_name":"stderr","time":1621.953150944,"data":"  \"pos_att_type\": [\n"}
,{"stream_name":"stderr","time":1621.953153436,"data":"    \"p2c\",\n"}
,{"stream_name":"stderr","time":1621.953155909,"data":"    \"c2p\"\n"}
,{"stream_name":"stderr","time":1621.953158373,"data":"  ],\n"}
,{"stream_name":"stderr","time":1621.953160779,"data":"  \"position_biased_input\": false,\n"}
,{"stream_name":"stderr","time":1621.953163359,"data":"  \"position_buckets\": 256,\n"}
,{"stream_name":"stderr","time":1621.953165889,"data":"  \"relative_attention\": true,\n"}
,{"stream_name":"stderr","time":1621.953168387,"data":"  \"share_att_key\": true,\n"}
,{"stream_name":"stderr","time":1621.953170894,"data":"  \"tie_word_embeddings\": true,\n"}
,{"stream_name":"stderr","time":1621.953173646,"data":"  \"transformers_version\": \"5.0.0\",\n"}
,{"stream_name":"stderr","time":1621.953176459,"data":"  \"type_vocab_size\": 0,\n"}
,{"stream_name":"stderr","time":1621.953178944,"data":"  \"vocab_size\": 128100\n"}
,{"stream_name":"stderr","time":1621.953181456,"data":"}\n"}
,{"stream_name":"stderr","time":1621.95318427,"data":"\n"}
,{"stream_name":"stderr","time":1621.953186665,"data":"\n"}
,{"stream_name":"stderr","time":1621.953189069,"data":"Model config DebertaV2Config {\n"}
,{"stream_name":"stderr","time":1621.953191834,"data":"  \"attention_probs_dropout_prob\": 0.1,\n"}
,{"stream_name":"stderr","time":1621.953194396,"data":"  \"bos_token_id\": null,\n"}
,{"stream_name":"stderr","time":1621.953196851,"data":"  \"eos_token_id\": null,\n"}
,{"stream_name":"stderr","time":1621.953199289,"data":"  \"hidden_act\": \"gelu\",\n"}
,{"stream_name":"stderr","time":1621.95320179,"data":"  \"hidden_dropout_prob\": 0.1,\n"}
,{"stream_name":"stderr","time":1621.953204276,"data":"  \"hidden_size\": 768,\n"}
,{"stream_name":"stderr","time":1621.953206757,"data":"  \"id2label\": {\n"}
,{"stream_name":"stderr","time":1621.953209247,"data":"    \"0\": \"O\",\n"}
,{"stream_name":"stderr","time":1621.953212066,"data":"    \"1\": \"B-PER\",\n"}
,{"stream_name":"stderr","time":1621.953214627,"data":"    \"2\": \"I-PER\",\n"}
,{"stream_name":"stderr","time":1621.953217123,"data":"    \"3\": \"B-EMAIL\",\n"}
,{"stream_name":"stderr","time":1621.953222234,"data":"    \"4\": \"I-EMAIL\"\n"}
,{"stream_name":"stderr","time":1621.953224918,"data":"  },\n"}
,{"stream_name":"stderr","time":1621.95322733,"data":"  \"initializer_range\": 0.02,\n"}
,{"stream_name":"stderr","time":1621.953229861,"data":"  \"intermediate_size\": 3072,\n"}
,{"stream_name":"stderr","time":1621.953232359,"data":"  \"label2id\": {\n"}
,{"stream_name":"stderr","time":1621.953234826,"data":"    \"B-EMAIL\": 3,\n"}
,{"stream_name":"stderr","time":1621.953237335,"data":"    \"B-PER\": 1,\n"}
,{"stream_name":"stderr","time":1621.953239821,"data":"    \"I-EMAIL\": 4,\n"}
,{"stream_name":"stderr","time":1621.953242291,"data":"    \"I-PER\": 2,\n"}
,{"stream_name":"stderr","time":1621.953291988,"data":"    \"O\": 0\n"}
,{"stream_name":"stderr","time":1621.95329876,"data":"  },\n"}
,{"stream_name":"stderr","time":1621.953301365,"data":"  \"layer_norm_eps\": 1e-07,\n"}
,{"stream_name":"stderr","time":1621.953303915,"data":"  \"legacy\": true,\n"}
,{"stream_name":"stderr","time":1621.953306621,"data":"  \"max_position_embeddings\": 512,\n"}
,{"stream_name":"stderr","time":1621.953309142,"data":"  \"max_relative_positions\": -1,\n"}
,{"stream_name":"stderr","time":1621.953311658,"data":"  \"model_type\": \"deberta-v2\",\n"}
,{"stream_name":"stderr","time":1621.953314184,"data":"  \"norm_rel_ebd\": \"layer_norm\",\n"}
,{"stream_name":"stderr","time":1621.953316749,"data":"  \"num_attention_heads\": 12,\n"}
,{"stream_name":"stderr","time":1621.953319249,"data":"  \"num_hidden_layers\": 6,\n"}
,{"stream_name":"stderr","time":1621.953321746,"data":"  \"pad_token_id\": 0,\n"}
,{"stream_name":"stderr","time":1621.953324254,"data":"  \"pooler_dropout\": 0,\n"}
,{"stream_name":"stderr","time":1621.953326777,"data":"  \"pooler_hidden_act\": \"gelu\",\n"}
,{"stream_name":"stderr","time":1621.953329434,"data":"  \"pooler_hidden_size\": 768,\n"}
,{"stream_name":"stderr","time":1621.953331955,"data":"  \"pos_att_type\": [\n"}
,{"stream_name":"stderr","time":1621.953334446,"data":"    \"p2c\",\n"}
,{"stream_name":"stderr","time":1621.953336902,"data":"    \"c2p\"\n"}
,{"stream_name":"stderr","time":1621.953339346,"data":"  ],\n"}
,{"stream_name":"stderr","time":1621.953341741,"data":"  \"position_biased_input\": false,\n"}
,{"stream_name":"stderr","time":1621.953344283,"data":"  \"position_buckets\": 256,\n"}
,{"stream_name":"stderr","time":1621.9533469,"data":"  \"relative_attention\": true,\n"}
,{"stream_name":"stderr","time":1621.953349399,"data":"  \"share_att_key\": true,\n"}
,{"stream_name":"stderr","time":1621.953352981,"data":"  \"tie_word_embeddings\": true,\n"}
,{"stream_name":"stderr","time":1621.95335551,"data":"  \"transformers_version\": \"5.0.0\",\n"}
,{"stream_name":"stderr","time":1621.953358077,"data":"  \"type_vocab_size\": 0,\n"}
,{"stream_name":"stderr","time":1621.953360579,"data":"  \"vocab_size\": 128100\n"}
,{"stream_name":"stderr","time":1621.953363124,"data":"}\n"}
,{"stream_name":"stderr","time":1621.953365541,"data":"\n"}
,{"stream_name":"stdout","time":1622.073694934,"data":"Using pre-tokenized dataset from Day 2.\n"}
,{"stream_name":"stderr","time":1622.121506216,"data":"loading weights file pytorch_model.bin from cache at /root/.cache/huggingface/hub/models--microsoft--deberta-v3-small/snapshots/a36c739020e01763fe789b4b85e2df55d6180012/pytorch_model.bin\n"}
,{"stream_name":"stderr","time":1622.121541299,"data":"\n"}
,{"stream_name":"stderr","time":1622.121546419,"data":"loading weights file pytorch_model.bin from cache at /root/.cache/huggingface/hub/models--microsoft--deberta-v3-small/snapshots/a36c739020e01763fe789b4b85e2df55d6180012/pytorch_model.bin\n"}
,{"stream_name":"stderr","time":1622.186302428,"data":"Attempting to create safetensors variant\n"}
,{"stream_name":"stderr","time":1622.186338739,"data":"\n"}
,{"stream_name":"stderr","time":1622.186342338,"data":"Attempting to create safetensors variant\n"}
,{"stream_name":"stderr","time":1622.297917279,"data":"Since the `dtype` attribute can't be found in model's config object, will use dtype={dtype} as derived from model's weights\n"}
,{"stream_name":"stderr","time":1622.297959966,"data":"\n"}
,{"stream_name":"stderr","time":1622.297965503,"data":"Since the `dtype` attribute can't be found in model's config object, will use dtype={dtype} as derived from model's weights\n"}
,{"stream_name":"stderr","time":1622.623449289,"data":"DebertaV2ForTokenClassification LOAD REPORT from: microsoft/deberta-v3-small\n"}
,{"stream_name":"stderr","time":1622.62350104,"data":"Key                                     | Status     | \n"}
,{"stream_name":"stderr","time":1622.623528146,"data":"----------------------------------------+------------+-\n"}
,{"stream_name":"stderr","time":1622.62353303,"data":"lm_predictions.lm_head.LayerNorm.bias   | UNEXPECTED | \n"}
,{"stream_name":"stderr","time":1622.623536978,"data":"mask_predictions.dense.weight           | UNEXPECTED | \n"}
,{"stream_name":"stderr","time":1622.623541515,"data":"lm_predictions.lm_head.LayerNorm.weight | UNEXPECTED | \n"}
,{"stream_name":"stderr","time":1622.623545656,"data":"mask_predictions.classifier.weight      | UNEXPECTED | \n"}
,{"stream_name":"stderr","time":1622.62354933,"data":"lm_predictions.lm_head.dense.bias       | UNEXPECTED | \n"}
,{"stream_name":"stderr","time":1622.623552936,"data":"mask_predictions.LayerNorm.bias         | UNEXPECTED | \n"}
,{"stream_name":"stderr","time":1622.623556581,"data":"mask_predictions.LayerNorm.weight       | UNEXPECTED | \n"}
,{"stream_name":"stderr","time":1622.623560124,"data":"lm_predictions.lm_head.dense.weight     | UNEXPECTED | \n"}
,{"stream_name":"stderr","time":1622.623563924,"data":"mask_predictions.dense.bias             | UNEXPECTED | \n"}
,{"stream_name":"stderr","time":1622.623567469,"data":"mask_predictions.classifier.bias        | UNEXPECTED | \n"}
,{"stream_name":"stderr","time":1622.623571096,"data":"lm_predictions.lm_head.bias             | UNEXPECTED | \n"}
,{"stream_name":"stderr","time":1622.623574702,"data":"classifier.bias                         | MISSING    | \n"}
,{"stream_name":"stderr","time":1622.623578366,"data":"classifier.weight                       | MISSING    | \n"}
,{"stream_name":"stderr","time":1622.623657431,"data":"\n"}
,{"stream_name":"stderr","time":1622.623681169,"data":"Notes:\n"}
,{"stream_name":"stderr","time":1622.623703511,"data":"- UNEXPECTED\t:can be ignored when loading from different task/architecture; not ok if you expect identical arch.\n"}
,{"stream_name":"stderr","time":1622.623709081,"data":"- MISSING\t:those params were newly initialized because missing from the checkpoint. Consider training on your downstream task.\n"}
,{"stream_name":"stderr","time":1622.623714449,"data":"\n"}
,{"stream_name":"stderr","time":1622.623718143,"data":"DebertaV2ForTokenClassification LOAD REPORT from: microsoft/deberta-v3-small\n"}
,{"stream_name":"stderr","time":1622.623722025,"data":"Key                                     | Status     | \n"}
,{"stream_name":"stderr","time":1622.623726059,"data":"----------------------------------------+------------+-\n"}
,{"stream_name":"stderr","time":1622.623729781,"data":"lm_predictions.lm_head.LayerNorm.bias   | UNEXPECTED | \n"}
,{"stream_name":"stderr","time":1622.623733844,"data":"mask_predictions.dense.weight           | UNEXPECTED | \n"}
,{"stream_name":"stderr","time":1622.623756808,"data":"lm_predictions.lm_head.LayerNorm.weight | UNEXPECTED | \n"}
,{"stream_name":"stderr","time":1622.623761767,"data":"mask_predictions.classifier.weight      | UNEXPECTED | \n"}
,{"stream_name":"stderr","time":1622.623766127,"data":"lm_predictions.lm_head.dense.bias       | UNEXPECTED | \n"}
,{"stream_name":"stderr","time":1622.623770264,"data":"mask_predictions.LayerNorm.bias         | UNEXPECTED | \n"}
,{"stream_name":"stderr","time":1622.623774594,"data":"mask_predictions.LayerNorm.weight       | UNEXPECTED | \n"}
,{"stream_name":"stderr","time":1622.623779068,"data":"lm_predictions.lm_head.dense.weight     | UNEXPECTED | \n"}
,{"stream_name":"stderr","time":1622.623783067,"data":"mask_predictions.dense.bias             | UNEXPECTED | \n"}
,{"stream_name":"stderr","time":1622.623788017,"data":"mask_predictions.classifier.bias        | UNEXPECTED | \n"}
,{"stream_name":"stderr","time":1622.623792387,"data":"lm_predictions.lm_head.bias             | UNEXPECTED | \n"}
,{"stream_name":"stderr","time":1622.623797085,"data":"classifier.bias                         | MISSING    | \n"}
,{"stream_name":"stderr","time":1622.623803665,"data":"classifier.weight                       | MISSING    | \n"}
,{"stream_name":"stderr","time":1622.623821722,"data":"\n"}
,{"stream_name":"stderr","time":1622.623826594,"data":"Notes:\n"}
,{"stream_name":"stderr","time":1622.623831051,"data":"- UNEXPECTED\t:can be ignored when loading from different task/architecture; not ok if you expect identical arch.\n"}
,{"stream_name":"stderr","time":1622.623835914,"data":"- MISSING\t:those params were newly initialized because missing from the checkpoint. Consider training on your downstream task.\n"}
,{"stream_name":"stderr","time":1622.624502341,"data":"Safetensors PR exists\n"}
,{"stream_name":"stderr","time":1622.624522823,"data":"\n"}
,{"stream_name":"stderr","time":1622.624528269,"data":"Safetensors PR exists\n"}
,{"stream_name":"stderr","time":1622.9619978,"data":"PyTorch: setting up devices\n"}
,{"stream_name":"stderr","time":1622.962033224,"data":"\n"}
,{"stream_name":"stderr","time":1622.96203909,"data":"PyTorch: setting up devices\n"}
,{"stream_name":"stderr","time":1623.002305577,"data":"warmup_ratio is deprecated and will be removed in v5.2. Use `warmup_steps` instead.\n"}
,{"stream_name":"stderr","time":1623.002341288,"data":"\n"}
,{"stream_name":"stderr","time":1623.00234716,"data":"warmup_ratio is deprecated and will be removed in v5.2. Use `warmup_steps` instead.\n"}
,{"stream_name":"stderr","time":1623.098149832,"data":"The following columns in the Training set don't have a corresponding argument in `DebertaV2ForTokenClassification.forward` and have been ignored: injected_email_context, ner_tags, n_tokens, n_per_spans, tokens, injected_email_multi_token, entity_density_bucket, injected_email_str, n_email_spans, injected_email_inserted_at. If injected_email_context, ner_tags, n_tokens, n_per_spans, tokens, injected_email_multi_token, entity_density_bucket, injected_email_str, n_email_spans, injected_email_inserted_at are not expected by `DebertaV2ForTokenClassification.forward`,  you can safely ignore this message.\n"}
,{"stream_name":"stderr","time":1623.098193239,"data":"\n"}
,{"stream_name":"stderr","time":1623.098202762,"data":"The following columns in the Training set don't have a corresponding argument in `DebertaV2ForTokenClassification.forward` and have been ignored: injected_email_context, ner_tags, n_tokens, n_per_spans, tokens, injected_email_multi_token, entity_density_bucket, injected_email_str, n_email_spans, injected_email_inserted_at. If injected_email_context, ner_tags, n_tokens, n_per_spans, tokens, injected_email_multi_token, entity_density_bucket, injected_email_str, n_email_spans, injected_email_inserted_at are not expected by `DebertaV2ForTokenClassification.forward`,  you can safely ignore this message.\n"}
,{"stream_name":"stdout","time":1623.104187472,"data":"LayerNorm fix applied: 102 keys remapped (gamma-\u003eweight, beta-\u003ebias)\n"}
,{"stream_name":"stderr","time":1623.563404244,"data":"The tokenizer has new PAD/BOS/EOS tokens that differ from the model config and generation config. The model config and generation config were aligned accordingly, being updated with the tokenizer's values. Updated tokens: {'eos_token_id': 2, 'bos_token_id': 1}.\n"}
,{"stream_name":"stderr","time":1623.563611465,"data":"\n"}
,{"stream_name":"stderr","time":1623.56362145,"data":"The tokenizer has new PAD/BOS/EOS tokens that differ from the model config and generation config. The model config and generation config were aligned accordingly, being updated with the tokenizer's values. Updated tokens: {'eos_token_id': 2, 'bos_token_id': 1}.\n"}
,{"stream_name":"stdout","time":1623.564653952,"data":"  Sanity: label range [0, 4], input_ids shape torch.Size([8, 256])\n"}
,{"stream_name":"stderr","time":1623.641586756,"data":"The following columns in the Training set don't have a corresponding argument in `DebertaV2ForTokenClassification.forward` and have been ignored: injected_email_context, ner_tags, n_tokens, n_per_spans, tokens, injected_email_multi_token, entity_density_bucket, injected_email_str, n_email_spans, injected_email_inserted_at. If injected_email_context, ner_tags, n_tokens, n_per_spans, tokens, injected_email_multi_token, entity_density_bucket, injected_email_str, n_email_spans, injected_email_inserted_at are not expected by `DebertaV2ForTokenClassification.forward`,  you can safely ignore this message.\n"}
,{"stream_name":"stderr","time":1623.641615468,"data":"\n"}
,{"stream_name":"stderr","time":1623.641620188,"data":"The following columns in the Training set don't have a corresponding argument in `DebertaV2ForTokenClassification.forward` and have been ignored: injected_email_context, ner_tags, n_tokens, n_per_spans, tokens, injected_email_multi_token, entity_density_bucket, injected_email_str, n_email_spans, injected_email_inserted_at. If injected_email_context, ner_tags, n_tokens, n_per_spans, tokens, injected_email_multi_token, entity_density_bucket, injected_email_str, n_email_spans, injected_email_inserted_at are not expected by `DebertaV2ForTokenClassification.forward`,  you can safely ignore this message.\n"}
,{"stream_name":"stderr","time":1623.651195071,"data":"***** Running training *****\n"}
,{"stream_name":"stderr","time":1623.651226008,"data":"\n"}
,{"stream_name":"stderr","time":1623.651231351,"data":"***** Running training *****\n"}
,{"stream_name":"stderr","time":1623.652192275,"data":"  Num examples = 24,238\n"}
,{"stream_name":"stderr","time":1623.652217926,"data":"\n"}
,{"stream_name":"stderr","time":1623.652222624,"data":"  Num examples = 24,238\n"}
,{"stream_name":"stderr","time":1623.653150038,"data":"  Num Epochs = 5\n"}
,{"stream_name":"stderr","time":1623.653167519,"data":"\n"}
,{"stream_name":"stderr","time":1623.653171988,"data":"  Num Epochs = 5\n"}
,{"stream_name":"stderr","time":1623.654100131,"data":"  Instantaneous batch size per device = 8\n"}
,{"stream_name":"stderr","time":1623.654117426,"data":"\n"}
,{"stream_name":"stderr","time":1623.654122133,"data":"  Instantaneous batch size per device = 8\n"}
,{"stream_name":"stderr","time":1623.654976113,"data":"  Total train batch size (w. parallel, distributed \u0026 accumulation) = 16\n"}
,{"stream_name":"stderr","time":1623.655000004,"data":"\n"}
,{"stream_name":"stderr","time":1623.655005382,"data":"  Total train batch size (w. parallel, distributed \u0026 accumulation) = 16\n"}
,{"stream_name":"stderr","time":1623.655937966,"data":"  Gradient Accumulation steps = 2\n"}
,{"stream_name":"stderr","time":1623.655967163,"data":"\n"}
,{"stream_name":"stderr","time":1623.655972063,"data":"  Gradient Accumulation steps = 2\n"}
,{"stream_name":"stderr","time":1623.656815417,"data":"  Total optimization steps = 7,575\n"}
,{"stream_name":"stderr","time":1623.656837163,"data":"\n"}
,{"stream_name":"stderr","time":1623.656851513,"data":"  Total optimization steps = 7,575\n"}
,{"stream_name":"stderr","time":1623.657686446,"data":"  Number of trainable parameters = 141,308,165\n"}
,{"stream_name":"stderr","time":1623.657703374,"data":"\n"}
,{"stream_name":"stderr","time":1623.657708641,"data":"  Number of trainable parameters = 141,308,165\n"}
,{"stream_name":"stdout","time":1633.5757612,"data":"{'loss': '4.222', 'grad_norm': '52.62', 'learning_rate': '3.232e-07', 'epoch': '0.033'}\n"}
,{"stream_name":"stdout","time":1643.237045715,"data":"{'loss': '2.592', 'grad_norm': '8.078', 'learning_rate': '6.53e-07', 'epoch': '0.06601'}\n"}
,{"stream_name":"stdout","time":1652.933199334,"data":"{'loss': '1.862', 'grad_norm': '5.594', 'learning_rate': '9.828e-07', 'epoch': '0.09901'}\n"}
,{"stream_name":"stdout","time":1662.46943466,"data":"{'loss': '1.605', 'grad_norm': '16.67', 'learning_rate': '1.313e-06', 'epoch': '0.132'}\n"}
,{"stream_name":"stdout","time":1672.019058189,"data":"{'loss': '1.251', 'grad_norm': '10.46', 'learning_rate': '1.642e-06', 'epoch': '0.165'}\n"}
,{"stream_name":"stdout","time":1681.537892738,"data":"{'loss': '1.078', 'grad_norm': '8.094', 'learning_rate': '1.972e-06', 'epoch': '0.198'}\n"}
,{"stream_name":"stdout","time":1691.072316966,"data":"{'loss': '0.7924', 'grad_norm': '6.902', 'learning_rate': '2.302e-06', 'epoch': '0.231'}\n"}
,{"stream_name":"stdout","time":1700.543151163,"data":"{'loss': '0.6919', 'grad_norm': '5.121', 'learning_rate': '2.632e-06', 'epoch': '0.264'}\n"}
,{"stream_name":"stdout","time":1710.131355491,"data":"{'loss': '0.5587', 'grad_norm': '2.682', 'learning_rate': '2.962e-06', 'epoch': '0.297'}\n"}
,{"stream_name":"stdout","time":1719.744780926,"data":"{'loss': '0.4737', 'grad_norm': '3.574', 'learning_rate': '3.292e-06', 'epoch': '0.33'}\n"}
,{"stream_name":"stdout","time":1729.353321118,"data":"{'loss': '0.3781', 'grad_norm': '5.52', 'learning_rate': '3.621e-06', 'epoch': '0.363'}\n"}
,{"stream_name":"stdout","time":1738.939379314,"data":"{'loss': '0.3437', 'grad_norm': '3.334', 'learning_rate': '3.951e-06', 'epoch': '0.396'}\n"}
,{"stream_name":"stdout","time":1748.555875147,"data":"{'loss': '0.3246', 'grad_norm': '5.367', 'learning_rate': '4.281e-06', 'epoch': '0.429'}\n"}
,{"stream_name":"stdout","time":1758.127876819,"data":"{'loss': '0.2787', 'grad_norm': '2.688', 'learning_rate': '4.611e-06', 'epoch': '0.462'}\n"}
,{"stream_name":"stdout","time":1767.758408076,"data":"{'loss': '0.2326', 'grad_norm': '4.32', 'learning_rate': '4.941e-06', 'epoch': '0.495'}\n"}
,{"stream_name":"stdout","time":1777.278805793,"data":"{'loss': '0.2353', 'grad_norm': '1.771', 'learning_rate': '4.97e-06', 'epoch': '0.5281'}\n"}
,{"stream_name":"stdout","time":1786.882871442,"data":"{'loss': '0.2615', 'grad_norm': '3.424', 'learning_rate': '4.933e-06', 'epoch': '0.5611'}\n"}
,{"stream_name":"stdout","time":1796.417376435,"data":"{'loss': '0.2099', 'grad_norm': '1.72', 'learning_rate': '4.897e-06', 'epoch': '0.5941'}\n"}
,{"stream_name":"stdout","time":1806.007779824,"data":"{'loss': '0.1707', 'grad_norm': '3.443', 'learning_rate': '4.86e-06', 'epoch': '0.6271'}\n"}
,{"stream_name":"stdout","time":1815.52418616,"data":"{'loss': '0.1816', 'grad_norm': '2.082', 'learning_rate': '4.823e-06', 'epoch': '0.6601'}\n"}
,{"stream_name":"stdout","time":1824.999128893,"data":"{'loss': '0.1928', 'grad_norm': '3.533', 'learning_rate': '4.787e-06', 'epoch': '0.6931'}\n"}
,{"stream_name":"stdout","time":1834.530334953,"data":"{'loss': '0.1873', 'grad_norm': '1.342', 'learning_rate': '4.75e-06', 'epoch': '0.7261'}\n"}
,{"stream_name":"stdout","time":1844.099082223,"data":"{'loss': '0.1484', 'grad_norm': '1.436', 'learning_rate': '4.713e-06', 'epoch': '0.7591'}\n"}
,{"stream_name":"stdout","time":1853.677585696,"data":"{'loss': '0.1451', 'grad_norm': '2.336', 'learning_rate': '4.677e-06', 'epoch': '0.7921'}\n"}
,{"stream_name":"stdout","time":1863.246724728,"data":"{'loss': '0.1244', 'grad_norm': '1.112', 'learning_rate': '4.64e-06', 'epoch': '0.8251'}\n"}
,{"stream_name":"stdout","time":1872.78034754,"data":"{'loss': '0.1492', 'grad_norm': '0.958', 'learning_rate': '4.603e-06', 'epoch': '0.8581'}\n"}
,{"stream_name":"stdout","time":1882.377194868,"data":"{'loss': '0.1224', 'grad_norm': '1.392', 'learning_rate': '4.567e-06', 'epoch': '0.8911'}\n"}
,{"stream_name":"stdout","time":1891.939926054,"data":"{'loss': '0.1097', 'grad_norm': '2.738', 'learning_rate': '4.53e-06', 'epoch': '0.9241'}\n"}
,{"stream_name":"stdout","time":1901.50918852,"data":"{'loss': '0.1222', 'grad_norm': '1.178', 'learning_rate': '4.493e-06', 'epoch': '0.9571'}\n"}
,{"stream_name":"stdout","time":1911.030664644,"data":"{'loss': '0.1135', 'grad_norm': '3.619', 'learning_rate': '4.457e-06', 'epoch': '0.9901'}\n"}
,{"stream_name":"stderr","time":1913.717229255,"data":"The following columns in the Evaluation set don't have a corresponding argument in `DebertaV2ForTokenClassification.forward` and have been ignored: injected_email_context, ner_tags, n_tokens, n_per_spans, tokens, injected_email_multi_token, entity_density_bucket, injected_email_str, n_email_spans, injected_email_inserted_at. If injected_email_context, ner_tags, n_tokens, n_per_spans, tokens, injected_email_multi_token, entity_density_bucket, injected_email_str, n_email_spans, injected_email_inserted_at are not expected by `DebertaV2ForTokenClassification.forward`,  you can safely ignore this message.\n"}
,{"stream_name":"stderr","time":1913.717286318,"data":"\n"}
,{"stream_name":"stderr","time":1913.71729357,"data":"The following columns in the Evaluation set don't have a corresponding argument in `DebertaV2ForTokenClassification.forward` and have been ignored: injected_email_context, ner_tags, n_tokens, n_per_spans, tokens, injected_email_multi_token, entity_density_bucket, injected_email_str, n_email_spans, injected_email_inserted_at. If injected_email_context, ner_tags, n_tokens, n_per_spans, tokens, injected_email_multi_token, entity_density_bucket, injected_email_str, n_email_spans, injected_email_inserted_at are not expected by `DebertaV2ForTokenClassification.forward`,  you can safely ignore this message.\n"}
,{"stream_name":"stderr","time":1913.718350772,"data":"\n"}
,{"stream_name":"stderr","time":1913.718379127,"data":"***** Running Evaluation *****\n"}
,{"stream_name":"stderr","time":1913.718386143,"data":"\n"}
,{"stream_name":"stderr","time":1913.718391842,"data":"\n"}
,{"stream_name":"stderr","time":1913.718397229,"data":"***** Running Evaluation *****\n"}
,{"stream_name":"stderr","time":1913.719322218,"data":"  Num examples = 4278\n"}
,{"stream_name":"stderr","time":1913.719350981,"data":"\n"}
,{"stream_name":"stderr","time":1913.719356806,"data":"  Num examples = 4278\n"}
,{"stream_name":"stderr","time":1913.720159846,"data":"  Batch size = 32\n"}
,{"stream_name":"stderr","time":1913.720181866,"data":"\n"}
,{"stream_name":"stderr","time":1913.720187297,"data":"  Batch size = 32\n"}
,{"stream_name":"stderr","time":1929.580742244,"data":"Saving model checkpoint to /kaggle/working/deberta_seed0/checkpoint-1515\n"}
,{"stream_name":"stderr","time":1929.580788102,"data":"\n"}
,{"stream_name":"stderr","time":1929.580797068,"data":"Saving model checkpoint to /kaggle/working/deberta_seed0/checkpoint-1515\n"}
,{"stream_name":"stderr","time":1929.583642337,"data":"Configuration saved in /kaggle/working/deberta_seed0/checkpoint-1515/config.json\n"}
,{"stream_name":"stderr","time":1929.583672864,"data":"\n"}
,{"stream_name":"stderr","time":1929.583678046,"data":"Configuration saved in /kaggle/working/deberta_seed0/checkpoint-1515/config.json\n"}
,{"stream_name":"stdout","time":1929.603972368,"data":"{'eval_overall_f1': '0.897', 'eval_per_f1': '0.8572', 'eval_email_f1': '0.9899', 'eval_token_fpr': '0.009556', 'eval_token_fnr': '0.02829', 'eval_loss': '0.04926', 'eval_runtime': '15.88', 'eval_samples_per_second': '269.4', 'eval_steps_per_second': '8.439', 'epoch': '1'}\n"}
,{"stream_name":"stderr","time":1930.224795146,"data":"Model weights saved in /kaggle/working/deberta_seed0/checkpoint-1515/model.safetensors\n"}
,{"stream_name":"stderr","time":1930.224841353,"data":"\n"}
,{"stream_name":"stderr","time":1930.224848061,"data":"Model weights saved in /kaggle/working/deberta_seed0/checkpoint-1515/model.safetensors\n"}
,{"stream_name":"stderr","time":1930.429319418,"data":"tokenizer config file saved in /kaggle/working/deberta_seed0/checkpoint-1515/tokenizer_config.json\n"}
,{"stream_name":"stderr","time":1930.429354061,"data":"\n"}
,{"stream_name":"stderr","time":1930.429358432,"data":"tokenizer config file saved in /kaggle/working/deberta_seed0/checkpoint-1515/tokenizer_config.json\n"}
,{"stream_name":"stdout","time":1938.226298884,"data":"{'loss': '0.1043', 'grad_norm': '2.496', 'learning_rate': '4.42e-06', 'epoch': '1.023'}\n"}
,{"stream_name":"stdout","time":1947.840583309,"data":"{'loss': '0.08199', 'grad_norm': '0.6895', 'learning_rate': '4.383e-06', 'epoch': '1.056'}\n"}
,{"stream_name":"stdout","time":1957.44584319,"data":"{'loss': '0.09352', 'grad_norm': '2.887', 'learning_rate': '4.346e-06', 'epoch': '1.089'}\n"}
,{"stream_name":"stdout","time":1967.116232825,"data":"{'loss': '0.09304', 'grad_norm': '1.088', 'learning_rate': '4.31e-06', 'epoch': '1.122'}\n"}
,{"stream_name":"stdout","time":1976.751438293,"data":"{'loss': '0.09456', 'grad_norm': '0.8384', 'learning_rate': '4.273e-06', 'epoch': '1.155'}\n"}
,{"stream_name":"stdout","time":1986.271606736,"data":"{'loss': '0.07885', 'grad_norm': '1.071', 'learning_rate': '4.236e-06', 'epoch': '1.188'}\n"}
,{"stream_name":"stdout","time":1995.768704673,"data":"{'loss': '0.08695', 'grad_norm': '1.967', 'learning_rate': '4.2e-06', 'epoch': '1.221'}\n"}
,{"stream_name":"stdout","time":2005.282442084,"data":"{'loss': '0.08549', 'grad_norm': '1.4', 'learning_rate': '4.163e-06', 'epoch': '1.254'}\n"}
,{"stream_name":"stdout","time":2014.817453511,"data":"{'loss': '0.08096', 'grad_norm': '1.727', 'learning_rate': '4.126e-06', 'epoch': '1.287'}\n"}
,{"stream_name":"stdout","time":2024.394588431,"data":"{'loss': '0.08837', 'grad_norm': '2.453', 'learning_rate': '4.09e-06', 'epoch': '1.32'}\n"}
,{"stream_name":"stdout","time":2033.908156944,"data":"{'loss': '0.08085', 'grad_norm': '0.9595', 'learning_rate': '4.053e-06', 'epoch': '1.353'}\n"}
,{"stream_name":"stdout","time":2043.469399703,"data":"{'loss': '0.08727', 'grad_norm': '0.459', 'learning_rate': '4.016e-06', 'epoch': '1.386'}\n"}
,{"stream_name":"stdout","time":2053.033088563,"data":"{'loss': '0.07985', 'grad_norm': '3.479', 'learning_rate': '3.98e-06', 'epoch': '1.419'}\n"}
,{"stream_name":"stdout","time":2062.633224177,"data":"{'loss': '0.06915', 'grad_norm': '1.385', 'learning_rate': '3.943e-06', 'epoch': '1.452'}\n"}
,{"stream_name":"stdout","time":2072.160115324,"data":"{'loss': '0.07428', 'grad_norm': '1.086', 'learning_rate': '3.906e-06', 'epoch': '1.485'}\n"}
,{"stream_name":"stdout","time":2081.647330378,"data":"{'loss': '0.09185', 'grad_norm': '1.866', 'learning_rate': '3.87e-06', 'epoch': '1.518'}\n"}
,{"stream_name":"stdout","time":2091.120940632,"data":"{'loss': '0.1026', 'grad_norm': '0.7129', 'learning_rate': '3.833e-06', 'epoch': '1.551'}\n"}
,{"stream_name":"stdout","time":2100.616491246,"data":"{'loss': '0.06368', 'grad_norm': '1.638', 'learning_rate': '3.796e-06', 'epoch': '1.584'}\n"}
,{"stream_name":"stdout","time":2110.151090775,"data":"{'loss': '0.07425', 'grad_norm': '0.8296', 'learning_rate': '3.76e-06', 'epoch': '1.617'}\n"}
,{"stream_name":"stdout","time":2119.691032113,"data":"{'loss': '0.07987', 'grad_norm': '1.234', 'learning_rate': '3.723e-06', 'epoch': '1.65'}\n"}
,{"stream_name":"stdout","time":2129.257382191,"data":"{'loss': '0.07109', 'grad_norm': '2.709', 'learning_rate': '3.686e-06', 'epoch': '1.683'}\n"}
,{"stream_name":"stdout","time":2138.818946233,"data":"{'loss': '0.06511', 'grad_norm': '1.383', 'learning_rate': '3.65e-06', 'epoch': '1.716'}\n"}
,{"stream_name":"stdout","time":2148.331734624,"data":"{'loss': '0.07196', 'grad_norm': '1.515', 'learning_rate': '3.613e-06', 'epoch': '1.749'}\n"}
,{"stream_name":"stdout","time":2157.86060468,"data":"{'loss': '0.07553', 'grad_norm': '0.5444', 'learning_rate': '3.576e-06', 'epoch': '1.782'}\n"}
,{"stream_name":"stdout","time":2167.407385697,"data":"{'loss': '0.07115', 'grad_norm': '1.125', 'learning_rate': '3.54e-06', 'epoch': '1.815'}\n"}
,{"stream_name":"stdout","time":2176.913294079,"data":"{'loss': '0.05642', 'grad_norm': '1.376', 'learning_rate': '3.503e-06', 'epoch': '1.848'}\n"}
,{"stream_name":"stdout","time":2186.43806416,"data":"{'loss': '0.0712', 'grad_norm': '0.8784', 'learning_rate': '3.466e-06', 'epoch': '1.881'}\n"}
,{"stream_name":"stdout","time":2195.952235483,"data":"{'loss': '0.06587', 'grad_norm': '2.584', 'learning_rate': '3.43e-06', 'epoch': '1.914'}\n"}
,{"stream_name":"stdout","time":2205.508928229,"data":"{'loss': '0.06575', 'grad_norm': '0.9043', 'learning_rate': '3.393e-06', 'epoch': '1.947'}\n"}
,{"stream_name":"stdout","time":2215.031591805,"data":"{'loss': '0.05974', 'grad_norm': '1.393', 'learning_rate': '3.356e-06', 'epoch': '1.98'}\n"}
,{"stream_name":"stderr","time":2220.497943571,"data":"The following columns in the Evaluation set don't have a corresponding argument in `DebertaV2ForTokenClassification.forward` and have been ignored: injected_email_context, ner_tags, n_tokens, n_per_spans, tokens, injected_email_multi_token, entity_density_bucket, injected_email_str, n_email_spans, injected_email_inserted_at. If injected_email_context, ner_tags, n_tokens, n_per_spans, tokens, injected_email_multi_token, entity_density_bucket, injected_email_str, n_email_spans, injected_email_inserted_at are not expected by `DebertaV2ForTokenClassification.forward`,  you can safely ignore this message.\n"}
,{"stream_name":"stderr","time":2220.498006764,"data":"\n"}
,{"stream_name":"stderr","time":2220.498014436,"data":"The following columns in the Evaluation set don't have a corresponding argument in `DebertaV2ForTokenClassification.forward` and have been ignored: injected_email_context, ner_tags, n_tokens, n_per_spans, tokens, injected_email_multi_token, entity_density_bucket, injected_email_str, n_email_spans, injected_email_inserted_at. If injected_email_context, ner_tags, n_tokens, n_per_spans, tokens, injected_email_multi_token, entity_density_bucket, injected_email_str, n_email_spans, injected_email_inserted_at are not expected by `DebertaV2ForTokenClassification.forward`,  you can safely ignore this message.\n"}
,{"stream_name":"stderr","time":2220.502613114,"data":"\n"}
,{"stream_name":"stderr","time":2220.50265028,"data":"***** Running Evaluation *****\n"}
,{"stream_name":"stderr","time":2220.502654667,"data":"\n"}
,{"stream_name":"stderr","time":2220.502658305,"data":"\n"}
,{"stream_name":"stderr","time":2220.502661998,"data":"***** Running Evaluation *****\n"}
,{"stream_name":"stderr","time":2220.503840325,"data":"  Num examples = 4278\n"}
,{"stream_name":"stderr","time":2220.503864099,"data":"\n"}
,{"stream_name":"stderr","time":2220.503869694,"data":"  Num examples = 4278\n"}
,{"stream_name":"stderr","time":2220.505042051,"data":"  Batch size = 32\n"}
,{"stream_name":"stderr","time":2220.505066796,"data":"\n"}
,{"stream_name":"stderr","time":2220.505072636,"data":"  Batch size = 32\n"}
,{"stream_name":"stderr","time":2236.356996283,"data":"Saving model checkpoint to /kaggle/working/deberta_seed0/checkpoint-3030\n"}
,{"stream_name":"stderr","time":2236.357037764,"data":"\n"}
,{"stream_name":"stderr","time":2236.357044853,"data":"Saving model checkpoint to /kaggle/working/deberta_seed0/checkpoint-3030\n"}
,{"stream_name":"stderr","time":2236.359971321,"data":"Configuration saved in /kaggle/working/deberta_seed0/checkpoint-3030/config.json\n"}
,{"stream_name":"stderr","time":2236.360012682,"data":"\n"}
,{"stream_name":"stderr","time":2236.360019094,"data":"Configuration saved in /kaggle/working/deberta_seed0/checkpoint-3030/config.json\n"}
,{"stream_name":"stdout","time":2236.379318381,"data":"{'eval_overall_f1': '0.9316', 'eval_per_f1': '0.9041', 'eval_email_f1': '0.9963', 'eval_token_fpr': '0.006541', 'eval_token_fnr': '0.01942', 'eval_loss': '0.03351', 'eval_runtime': '15.85', 'eval_samples_per_second': '269.9', 'eval_steps_per_second': '8.453', 'epoch': '2'}\n"}
,{"stream_name":"stderr","time":2236.993018173,"data":"Model weights saved in /kaggle/working/deberta_seed0/checkpoint-3030/model.safetensors\n"}
,{"stream_name":"stderr","time":2236.993056283,"data":"\n"}
,{"stream_name":"stderr","time":2236.993061316,"data":"Model weights saved in /kaggle/working/deberta_seed0/checkpoint-3030/model.safetensors\n"}
,{"stream_name":"stderr","time":2237.019365224,"data":"tokenizer config file saved in /kaggle/working/deberta_seed0/checkpoint-3030/tokenizer_config.json\n"}
,{"stream_name":"stderr","time":2237.019396063,"data":"\n"}
,{"stream_name":"stderr","time":2237.019402242,"data":"tokenizer config file saved in /kaggle/working/deberta_seed0/checkpoint-3030/tokenizer_config.json\n"}
,{"stream_name":"stderr","time":2237.967799232,"data":"Deleting older checkpoint [/kaggle/working/deberta_seed0/checkpoint-1515] due to args.save_total_limit\n"}
,{"stream_name":"stderr","time":2237.967830348,"data":"\n"}
,{"stream_name":"stderr","time":2237.967838355,"data":"Deleting older checkpoint [/kaggle/working/deberta_seed0/checkpoint-1515] due to args.save_total_limit\n"}
,{"stream_name":"stdout","time":2242.269060665,"data":"{'loss': '0.05267', 'grad_norm': '0.6152', 'learning_rate': '3.32e-06', 'epoch': '2.013'}\n"}
,{"stream_name":"stdout","time":2251.787381042,"data":"{'loss': '0.03708', 'grad_norm': '0.438', 'learning_rate': '3.283e-06', 'epoch': '2.046'}\n"}
,{"stream_name":"stdout","time":2261.356070976,"data":"{'loss': '0.04034', 'grad_norm': '0.4692', 'learning_rate': '3.246e-06', 'epoch': '2.079'}\n"}
,{"stream_name":"stdout","time":2270.93261526,"data":"{'loss': '0.04624', 'grad_norm': '1.008', 'learning_rate': '3.21e-06', 'epoch': '2.112'}\n"}
,{"stream_name":"stdout","time":2280.470992573,"data":"{'loss': '0.03463', 'grad_norm': '0.7153', 'learning_rate': '3.173e-06', 'epoch': '2.145'}\n"}
,{"stream_name":"stdout","time":2290.001031066,"data":"{'loss': '0.03985', 'grad_norm': '1.79', 'learning_rate': '3.136e-06', 'epoch': '2.178'}\n"}
,{"stream_name":"stdout","time":2299.410492813,"data":"{'loss': '0.04621', 'grad_norm': '1.538', 'learning_rate': '3.1e-06', 'epoch': '2.211'}\n"}
,{"stream_name":"stdout","time":2308.828853536,"data":"{'loss': '0.03626', 'grad_norm': '1.409', 'learning_rate': '3.063e-06', 'epoch': '2.244'}\n"}
,{"stream_name":"stdout","time":2318.344310713,"data":"{'loss': '0.03359', 'grad_norm': '0.6831', 'learning_rate': '3.026e-06', 'epoch': '2.277'}\n"}
,{"stream_name":"stdout","time":2327.905894321,"data":"{'loss': '0.03593', 'grad_norm': '0.2389', 'learning_rate': '2.99e-06', 'epoch': '2.31'}\n"}
,{"stream_name":"stdout","time":2337.438774655,"data":"{'loss': '0.03445', 'grad_norm': '0.6079', 'learning_rate': '2.953e-06', 'epoch': '2.343'}\n"}
,{"stream_name":"stdout","time":2346.955014281,"data":"{'loss': '0.03973', 'grad_norm': '1.418', 'learning_rate': '2.916e-06', 'epoch': '2.376'}\n"}
,{"stream_name":"stdout","time":2356.429511183,"data":"{'loss': '0.03826', 'grad_norm': '0.4922', 'learning_rate': '2.88e-06', 'epoch': '2.409'}\n"}
,{"stream_name":"stdout","time":2365.966313378,"data":"{'loss': '0.03691', 'grad_norm': '1.163', 'learning_rate': '2.843e-06', 'epoch': '2.442'}\n"}
,{"stream_name":"stdout","time":2375.495183482,"data":"{'loss': '0.03829', 'grad_norm': '1.207', 'learning_rate': '2.806e-06', 'epoch': '2.475'}\n"}
,{"stream_name":"stdout","time":2385.030974982,"data":"{'loss': '0.03032', 'grad_norm': '0.6938', 'learning_rate': '2.77e-06', 'epoch': '2.508'}\n"}
,{"stream_name":"stdout","time":2394.534990245,"data":"{'loss': '0.03132', 'grad_norm': '0.6821', 'learning_rate': '2.733e-06', 'epoch': '2.541'}\n"}
,{"stream_name":"stdout","time":2404.111970989,"data":"{'loss': '0.03921', 'grad_norm': '0.6846', 'learning_rate': '2.696e-06', 'epoch': '2.574'}\n"}
,{"stream_name":"stdout","time":2413.59647191,"data":"{'loss': '0.02749', 'grad_norm': '0.459', 'learning_rate': '2.66e-06', 'epoch': '2.607'}\n"}
,{"stream_name":"stdout","time":2423.032832577,"data":"{'loss': '0.04253', 'grad_norm': '0.4031', 'learning_rate': '2.623e-06', 'epoch': '2.64'}\n"}
,{"stream_name":"stdout","time":2432.519393248,"data":"{'loss': '0.04271', 'grad_norm': '0.2336', 'learning_rate': '2.586e-06', 'epoch': '2.673'}\n"}
,{"stream_name":"stdout","time":2442.082913619,"data":"{'loss': '0.03535', 'grad_norm': '0.3779', 'learning_rate': '2.55e-06', 'epoch': '2.706'}\n"}
,{"stream_name":"stdout","time":2451.616395917,"data":"{'loss': '0.03885', 'grad_norm': '0.2542', 'learning_rate': '2.513e-06', 'epoch': '2.739'}\n"}
,{"stream_name":"stdout","time":2461.145716576,"data":"{'loss': '0.03421', 'grad_norm': '0.7627', 'learning_rate': '2.476e-06', 'epoch': '2.772'}\n"}
,{"stream_name":"stdout","time":2470.696106592,"data":"{'loss': '0.04144', 'grad_norm': '1.939', 'learning_rate': '2.439e-06', 'epoch': '2.805'}\n"}
,{"stream_name":"stdout","time":2480.227315134,"data":"{'loss': '0.03663', 'grad_norm': '0.3643', 'learning_rate': '2.403e-06', 'epoch': '2.838'}\n"}
,{"stream_name":"stdout","time":2489.783108132,"data":"{'loss': '0.03798', 'grad_norm': '4.441', 'learning_rate': '2.366e-06', 'epoch': '2.871'}\n"}
,{"stream_name":"stdout","time":2499.330302902,"data":"{'loss': '0.0282', 'grad_norm': '0.6602', 'learning_rate': '2.329e-06', 'epoch': '2.904'}\n"}
,{"stream_name":"stdout","time":2508.871927137,"data":"{'loss': '0.03557', 'grad_norm': '0.0621', 'learning_rate': '2.293e-06', 'epoch': '2.937'}\n"}
,{"stream_name":"stdout","time":2518.491240577,"data":"{'loss': '0.03992', 'grad_norm': '1.776', 'learning_rate': '2.256e-06', 'epoch': '2.97'}\n"}
,{"stream_name":"stderr","time":2526.8432515,"data":"The following columns in the Evaluation set don't have a corresponding argument in `DebertaV2ForTokenClassification.forward` and have been ignored: injected_email_context, ner_tags, n_tokens, n_per_spans, tokens, injected_email_multi_token, entity_density_bucket, injected_email_str, n_email_spans, injected_email_inserted_at. If injected_email_context, ner_tags, n_tokens, n_per_spans, tokens, injected_email_multi_token, entity_density_bucket, injected_email_str, n_email_spans, injected_email_inserted_at are not expected by `DebertaV2ForTokenClassification.forward`,  you can safely ignore this message.\n"}
,{"stream_name":"stderr","time":2526.843352035,"data":"\n"}
,{"stream_name":"stderr","time":2526.843359235,"data":"The following columns in the Evaluation set don't have a corresponding argument in `DebertaV2ForTokenClassification.forward` and have been ignored: injected_email_context, ner_tags, n_tokens, n_per_spans, tokens, injected_email_multi_token, entity_density_bucket, injected_email_str, n_email_spans, injected_email_inserted_at. If injected_email_context, ner_tags, n_tokens, n_per_spans, tokens, injected_email_multi_token, entity_density_bucket, injected_email_str, n_email_spans, injected_email_inserted_at are not expected by `DebertaV2ForTokenClassification.forward`,  you can safely ignore this message.\n"}
,{"stream_name":"stderr","time":2526.847894531,"data":"\n"}
,{"stream_name":"stderr","time":2526.847927229,"data":"***** Running Evaluation *****\n"}
,{"stream_name":"stderr","time":2526.847933057,"data":"\n"}
,{"stream_name":"stderr","time":2526.84793749,"data":"\n"}
,{"stream_name":"stderr","time":2526.847941901,"data":"***** Running Evaluation *****\n"}
,{"stream_name":"stderr","time":2526.848975363,"data":"  Num examples = 4278\n"}
,{"stream_name":"stderr","time":2526.848999016,"data":"\n"}
,{"stream_name":"stderr","time":2526.849004164,"data":"  Num examples = 4278\n"}
,{"stream_name":"stderr","time":2526.851054736,"data":"  Batch size = 32\n"}
,{"stream_name":"stderr","time":2526.851080597,"data":"\n"}
,{"stream_name":"stderr","time":2526.851086341,"data":"  Batch size = 32\n"}
,{"stream_name":"stderr","time":2542.770313726,"data":"Saving model checkpoint to /kaggle/working/deberta_seed0/checkpoint-4545\n"}
,{"stream_name":"stderr","time":2542.770362893,"data":"\n"}
,{"stream_name":"stderr","time":2542.770371907,"data":"Saving model checkpoint to /kaggle/working/deberta_seed0/checkpoint-4545\n"}
,{"stream_name":"stderr","time":2542.773242917,"data":"Configuration saved in /kaggle/working/deberta_seed0/checkpoint-4545/config.json\n"}
,{"stream_name":"stderr","time":2542.773284485,"data":"\n"}
,{"stream_name":"stderr","time":2542.773291324,"data":"Configuration saved in /kaggle/working/deberta_seed0/checkpoint-4545/config.json\n"}
,{"stream_name":"stdout","time":2542.793981703,"data":"{'eval_overall_f1': '0.9429', 'eval_per_f1': '0.9202', 'eval_email_f1': '0.9973', 'eval_token_fpr': '0.009494', 'eval_token_fnr': '0.01152', 'eval_loss': '0.0444', 'eval_runtime': '15.92', 'eval_samples_per_second': '268.7', 'eval_steps_per_second': '8.417', 'epoch': '3'}\n"}
,{"stream_name":"stderr","time":2543.40936106,"data":"Model weights saved in /kaggle/working/deberta_seed0/checkpoint-4545/model.safetensors\n"}
,{"stream_name":"stderr","time":2543.409391845,"data":"\n"}
,{"stream_name":"stderr","time":2543.409397856,"data":"Model weights saved in /kaggle/working/deberta_seed0/checkpoint-4545/model.safetensors\n"}
,{"stream_name":"stderr","time":2543.41026707,"data":"tokenizer config file saved in /kaggle/working/deberta_seed0/checkpoint-4545/tokenizer_config.json\n"}
,{"stream_name":"stderr","time":2543.410288113,"data":"\n"}
,{"stream_name":"stderr","time":2543.410293157,"data":"tokenizer config file saved in /kaggle/working/deberta_seed0/checkpoint-4545/tokenizer_config.json\n"}
,{"stream_name":"stderr","time":2544.382598378,"data":"Deleting older checkpoint [/kaggle/working/deberta_seed0/checkpoint-3030] due to args.save_total_limit\n"}
,{"stream_name":"stderr","time":2544.382640296,"data":"\n"}
,{"stream_name":"stderr","time":2544.382649514,"data":"Deleting older checkpoint [/kaggle/working/deberta_seed0/checkpoint-3030] due to args.save_total_limit\n"}
,{"stream_name":"stdout","time":2545.877325751,"data":"{'loss': '0.03196', 'grad_norm': '0.6582', 'learning_rate': '2.219e-06', 'epoch': '3.003'}\n"}
,{"stream_name":"stdout","time":2555.415449109,"data":"{'loss': '0.02311', 'grad_norm': '1.166', 'learning_rate': '2.183e-06', 'epoch': '3.036'}\n"}
,{"stream_name":"stdout","time":2564.963485118,"data":"{'loss': '0.01683', 'grad_norm': '0.5713', 'learning_rate': '2.146e-06', 'epoch': '3.069'}\n"}
,{"stream_name":"stdout","time":2574.577107025,"data":"{'loss': '0.01844', 'grad_norm': '2.688', 'learning_rate': '2.109e-06', 'epoch': '3.102'}\n"}
,{"stream_name":"stdout","time":2584.194866462,"data":"{'loss': '0.01506', 'grad_norm': '0.6758', 'learning_rate': '2.073e-06', 'epoch': '3.135'}\n"}
,{"stream_name":"stdout","time":2593.761657926,"data":"{'loss': '0.01684', 'grad_norm': '0.3589', 'learning_rate': '2.036e-06', 'epoch': '3.168'}\n"}
,{"stream_name":"stdout","time":2603.276598238,"data":"{'loss': '0.02289', 'grad_norm': '0.06714', 'learning_rate': '1.999e-06', 'epoch': '3.201'}\n"}
,{"stream_name":"stdout","time":2612.825810166,"data":"{'loss': '0.01438', 'grad_norm': '0.02867', 'learning_rate': '1.963e-06', 'epoch': '3.234'}\n"}
,{"stream_name":"stdout","time":2622.235044252,"data":"{'loss': '0.01737', 'grad_norm': '0.3853', 'learning_rate': '1.926e-06', 'epoch': '3.267'}\n"}
,{"stream_name":"stdout","time":2631.762190782,"data":"{'loss': '0.01824', 'grad_norm': '0.2898', 'learning_rate': '1.889e-06', 'epoch': '3.3'}\n"}
,{"stream_name":"stdout","time":2641.311486952,"data":"{'loss': '0.02127', 'grad_norm': '0.4333', 'learning_rate': '1.853e-06', 'epoch': '3.333'}\n"}
,{"stream_name":"stdout","time":2650.859535243,"data":"{'loss': '0.01721', 'grad_norm': '0.5303', 'learning_rate': '1.816e-06', 'epoch': '3.366'}\n"}
,{"stream_name":"stdout","time":2660.43764121,"data":"{'loss': '0.0205', 'grad_norm': '1.001', 'learning_rate': '1.779e-06', 'epoch': '3.399'}\n"}
,{"stream_name":"stdout","time":2669.973930078,"data":"{'loss': '0.01735', 'grad_norm': '1.014', 'learning_rate': '1.743e-06', 'epoch': '3.432'}\n"}
,{"stream_name":"stdout","time":2679.526825858,"data":"{'loss': '0.01412', 'grad_norm': '0.5981', 'learning_rate': '1.706e-06', 'epoch': '3.465'}\n"}
,{"stream_name":"stdout","time":2689.110981671,"data":"{'loss': '0.01841', 'grad_norm': '0.5337', 'learning_rate': '1.669e-06', 'epoch': '3.498'}\n"}
,{"stream_name":"stdout","time":2698.655027833,"data":"{'loss': '0.01898', 'grad_norm': '1.526', 'learning_rate': '1.633e-06', 'epoch': '3.531'}\n"}
,{"stream_name":"stdout","time":2708.217029709,"data":"{'loss': '0.01458', 'grad_norm': '0.4849', 'learning_rate': '1.596e-06', 'epoch': '3.564'}\n"}
,{"stream_name":"stdout","time":2717.74111544,"data":"{'loss': '0.02058', 'grad_norm': '0.4153', 'learning_rate': '1.559e-06', 'epoch': '3.597'}\n"}
,{"stream_name":"stdout","time":2727.244967449,"data":"{'loss': '0.02757', 'grad_norm': '0.585', 'learning_rate': '1.523e-06', 'epoch': '3.63'}\n"}
,{"stream_name":"stdout","time":2736.808026274,"data":"{'loss': '0.02629', 'grad_norm': '1.126', 'learning_rate': '1.486e-06', 'epoch': '3.663'}\n"}
,{"stream_name":"stdout","time":2746.405392887,"data":"{'loss': '0.01896', 'grad_norm': '1.679', 'learning_rate': '1.449e-06', 'epoch': '3.696'}\n"}
,{"stream_name":"stdout","time":2755.904576565,"data":"{'loss': '0.01791', 'grad_norm': '0.915', 'learning_rate': '1.413e-06', 'epoch': '3.729'}\n"}
,{"stream_name":"stdout","time":2765.400907728,"data":"{'loss': '0.01194', 'grad_norm': '0.07471', 'learning_rate': '1.376e-06', 'epoch': '3.762'}\n"}
,{"stream_name":"stdout","time":2774.989051213,"data":"{'loss': '0.009953', 'grad_norm': '0.4062', 'learning_rate': '1.339e-06', 'epoch': '3.795'}\n"}
,{"stream_name":"stdout","time":2784.577490466,"data":"{'loss': '0.01461', 'grad_norm': '0.2507', 'learning_rate': '1.303e-06', 'epoch': '3.828'}\n"}
,{"stream_name":"stdout","time":2794.102792942,"data":"{'loss': '0.0126', 'grad_norm': '0.8716', 'learning_rate': '1.266e-06', 'epoch': '3.861'}\n"}
,{"stream_name":"stdout","time":2803.643768194,"data":"{'loss': '0.01814', 'grad_norm': '0.02133', 'learning_rate': '1.229e-06', 'epoch': '3.894'}\n"}
,{"stream_name":"stdout","time":2813.185546668,"data":"{'loss': '0.01716', 'grad_norm': '3.867', 'learning_rate': '1.193e-06', 'epoch': '3.927'}\n"}
,{"stream_name":"stdout","time":2822.797518116,"data":"{'loss': '0.01768', 'grad_norm': '0.7969', 'learning_rate': '1.156e-06', 'epoch': '3.96'}\n"}
,{"stream_name":"stdout","time":2832.310329174,"data":"{'loss': '0.01495', 'grad_norm': '0.5718', 'learning_rate': '1.119e-06', 'epoch': '3.993'}\n"}
,{"stream_name":"stderr","time":2833.988439138,"data":"The following columns in the Evaluation set don't have a corresponding argument in `DebertaV2ForTokenClassification.forward` and have been ignored: injected_email_context, ner_tags, n_tokens, n_per_spans, tokens, injected_email_multi_token, entity_density_bucket, injected_email_str, n_email_spans, injected_email_inserted_at. If injected_email_context, ner_tags, n_tokens, n_per_spans, tokens, injected_email_multi_token, entity_density_bucket, injected_email_str, n_email_spans, injected_email_inserted_at are not expected by `DebertaV2ForTokenClassification.forward`,  you can safely ignore this message.\n"}
,{"stream_name":"stderr","time":2833.988495046,"data":"\n"}
,{"stream_name":"stderr","time":2833.988503041,"data":"The following columns in the Evaluation set don't have a corresponding argument in `DebertaV2ForTokenClassification.forward` and have been ignored: injected_email_context, ner_tags, n_tokens, n_per_spans, tokens, injected_email_multi_token, entity_density_bucket, injected_email_str, n_email_spans, injected_email_inserted_at. If injected_email_context, ner_tags, n_tokens, n_per_spans, tokens, injected_email_multi_token, entity_density_bucket, injected_email_str, n_email_spans, injected_email_inserted_at are not expected by `DebertaV2ForTokenClassification.forward`,  you can safely ignore this message.\n"}
,{"stream_name":"stderr","time":2833.993376847,"data":"\n"}
,{"stream_name":"stderr","time":2833.993410128,"data":"***** Running Evaluation *****\n"}
,{"stream_name":"stderr","time":2833.993416508,"data":"\n"}
,{"stream_name":"stderr","time":2833.993421504,"data":"\n"}
,{"stream_name":"stderr","time":2833.993426568,"data":"***** Running Evaluation *****\n"}
,{"stream_name":"stderr","time":2833.994529717,"data":"  Num examples = 4278\n"}
,{"stream_name":"stderr","time":2833.994549328,"data":"\n"}
,{"stream_name":"stderr","time":2833.994556424,"data":"  Num examples = 4278\n"}
,{"stream_name":"stderr","time":2833.996405591,"data":"  Batch size = 32\n"}
,{"stream_name":"stderr","time":2833.996429829,"data":"\n"}
,{"stream_name":"stderr","time":2833.996436722,"data":"  Batch size = 32\n"}
,{"stream_name":"stderr","time":2849.830851992,"data":"Saving model checkpoint to /kaggle/working/deberta_seed0/checkpoint-6060\n"}
,{"stream_name":"stderr","time":2849.83091891,"data":"\n"}
,{"stream_name":"stderr","time":2849.830926608,"data":"Saving model checkpoint to /kaggle/working/deberta_seed0/checkpoint-6060\n"}
,{"stream_name":"stderr","time":2849.834068409,"data":"Configuration saved in /kaggle/working/deberta_seed0/checkpoint-6060/config.json\n"}
,{"stream_name":"stderr","time":2849.834104034,"data":"\n"}
,{"stream_name":"stderr","time":2849.834110894,"data":"Configuration saved in /kaggle/working/deberta_seed0/checkpoint-6060/config.json\n"}
,{"stream_name":"stdout","time":2849.854374877,"data":"{'eval_overall_f1': '0.9474', 'eval_per_f1': '0.926', 'eval_email_f1': '0.9986', 'eval_token_fpr': '0.009897', 'eval_token_fnr': '0.008897', 'eval_loss': '0.04114', 'eval_runtime': '15.84', 'eval_samples_per_second': '270.1', 'eval_steps_per_second': '8.462', 'epoch': '4'}\n"}
,{"stream_name":"stderr","time":2850.465144223,"data":"Model weights saved in /kaggle/working/deberta_seed0/checkpoint-6060/model.safetensors\n"}
,{"stream_name":"stderr","time":2850.465185977,"data":"\n"}
,{"stream_name":"stderr","time":2850.465191536,"data":"Model weights saved in /kaggle/working/deberta_seed0/checkpoint-6060/model.safetensors\n"}
,{"stream_name":"stderr","time":2850.668825347,"data":"tokenizer config file saved in /kaggle/working/deberta_seed0/checkpoint-6060/tokenizer_config.json\n"}
,{"stream_name":"stderr","time":2850.668870948,"data":"\n"}
,{"stream_name":"stderr","time":2850.668877411,"data":"tokenizer config file saved in /kaggle/working/deberta_seed0/checkpoint-6060/tokenizer_config.json\n"}
,{"stream_name":"stderr","time":2851.463692063,"data":"Deleting older checkpoint [/kaggle/working/deberta_seed0/checkpoint-4545] due to args.save_total_limit\n"}
,{"stream_name":"stderr","time":2851.463726422,"data":"\n"}
,{"stream_name":"stderr","time":2851.463731731,"data":"Deleting older checkpoint [/kaggle/working/deberta_seed0/checkpoint-4545] due to args.save_total_limit\n"}
,{"stream_name":"stdout","time":2859.586030682,"data":"{'loss': '0.007519', 'grad_norm': '0.1466', 'learning_rate': '1.083e-06', 'epoch': '4.026'}\n"}
,{"stream_name":"stdout","time":2869.117840033,"data":"{'loss': '0.008187', 'grad_norm': '0.1947', 'learning_rate': '1.046e-06', 'epoch': '4.059'}\n"}
,{"stream_name":"stdout","time":2878.692236337,"data":"{'loss': '0.01462', 'grad_norm': '0.1112', 'learning_rate': '1.009e-06', 'epoch': '4.092'}\n"}
,{"stream_name":"stdout","time":2888.355181873,"data":"{'loss': '0.007858', 'grad_norm': '0.4822', 'learning_rate': '9.726e-07', 'epoch': '4.125'}\n"}
,{"stream_name":"stdout","time":2897.926714382,"data":"{'loss': '0.00816', 'grad_norm': '0.08472', 'learning_rate': '9.359e-07', 'epoch': '4.158'}\n"}
,{"stream_name":"stdout","time":2907.424139351,"data":"{'loss': '0.007576', 'grad_norm': '0.1339', 'learning_rate': '8.992e-07', 'epoch': '4.191'}\n"}
,{"stream_name":"stdout","time":2916.944147502,"data":"{'loss': '0.007212', 'grad_norm': '0.9409', 'learning_rate': '8.625e-07', 'epoch': '4.224'}\n"}
,{"stream_name":"stdout","time":2926.459487957,"data":"{'loss': '0.008285', 'grad_norm': '0.2744', 'learning_rate': '8.259e-07', 'epoch': '4.257'}\n"}
,{"stream_name":"stdout","time":2935.981861956,"data":"{'loss': '0.008113', 'grad_norm': '0.06149', 'learning_rate': '7.892e-07', 'epoch': '4.29'}\n"}
,{"stream_name":"stdout","time":2945.478871428,"data":"{'loss': '0.01162', 'grad_norm': '0.02878', 'learning_rate': '7.525e-07', 'epoch': '4.323'}\n"}
,{"stream_name":"stdout","time":2955.023753602,"data":"{'loss': '0.01033', 'grad_norm': '0.02467', 'learning_rate': '7.159e-07', 'epoch': '4.356'}\n"}
,{"stream_name":"stdout","time":2964.554928172,"data":"{'loss': '0.005343', 'grad_norm': '0.3611', 'learning_rate': '6.792e-07', 'epoch': '4.389'}\n"}
,{"stream_name":"stdout","time":2974.1033977,"data":"{'loss': '0.009267', 'grad_norm': '0.01521', 'learning_rate': '6.425e-07', 'epoch': '4.422'}\n"}
,{"stream_name":"stdout","time":2983.612019782,"data":"{'loss': '0.006557', 'grad_norm': '0.01143', 'learning_rate': '6.058e-07', 'epoch': '4.455'}\n"}
,{"stream_name":"stdout","time":2993.130388347,"data":"{'loss': '0.009184', 'grad_norm': '0.1932', 'learning_rate': '5.692e-07', 'epoch': '4.488'}\n"}
,{"stream_name":"stdout","time":3002.646065373,"data":"{'loss': '0.007033', 'grad_norm': '1.639', 'learning_rate': '5.325e-07', 'epoch': '4.521'}\n"}
,{"stream_name":"stdout","time":3012.218489697,"data":"{'loss': '0.00857', 'grad_norm': '0.06897', 'learning_rate': '4.958e-07', 'epoch': '4.554'}\n"}
,{"stream_name":"stdout","time":3021.659567654,"data":"{'loss': '0.007741', 'grad_norm': '0.0473', 'learning_rate': '4.591e-07', 'epoch': '4.587'}\n"}
,{"stream_name":"stdout","time":3031.208800374,"data":"{'loss': '0.004004', 'grad_norm': '0.08282', 'learning_rate': '4.225e-07', 'epoch': '4.62'}\n"}
,{"stream_name":"stdout","time":3040.682079686,"data":"{'loss': '0.00665', 'grad_norm': '0.0636', 'learning_rate': '3.858e-07', 'epoch': '4.653'}\n"}
,{"stream_name":"stdout","time":3050.157887867,"data":"{'loss': '0.00705', 'grad_norm': '0.02016', 'learning_rate': '3.491e-07', 'epoch': '4.686'}\n"}
,{"stream_name":"stdout","time":3059.637038349,"data":"{'loss': '0.006925', 'grad_norm': '0.07416', 'learning_rate': '3.125e-07', 'epoch': '4.719'}\n"}
,{"stream_name":"stdout","time":3069.166888272,"data":"{'loss': '0.005522', 'grad_norm': '0.8726', 'learning_rate': '2.758e-07', 'epoch': '4.752'}\n"}
,{"stream_name":"stdout","time":3078.691965185,"data":"{'loss': '0.01041', 'grad_norm': '0.09723', 'learning_rate': '2.391e-07', 'epoch': '4.785'}\n"}
,{"stream_name":"stdout","time":3088.263732586,"data":"{'loss': '0.0146', 'grad_norm': '0.01971', 'learning_rate': '2.024e-07', 'epoch': '4.818'}\n"}
,{"stream_name":"stdout","time":3097.756750758,"data":"{'loss': '0.006678', 'grad_norm': '0.5791', 'learning_rate': '1.658e-07', 'epoch': '4.851'}\n"}
,{"stream_name":"stdout","time":3107.295168275,"data":"{'loss': '0.004915', 'grad_norm': '0.02583', 'learning_rate': '1.291e-07', 'epoch': '4.884'}\n"}
,{"stream_name":"stdout","time":3116.849833067,"data":"{'loss': '0.01333', 'grad_norm': '0.05191', 'learning_rate': '9.242e-08', 'epoch': '4.917'}\n"}
,{"stream_name":"stdout","time":3126.421016651,"data":"{'loss': '0.007537', 'grad_norm': '0.5122', 'learning_rate': '5.574e-08', 'epoch': '4.95'}\n"}
,{"stream_name":"stdout","time":3135.946114124,"data":"{'loss': '0.008972', 'grad_norm': '0.01573', 'learning_rate': '1.907e-08', 'epoch': '4.983'}\n"}
,{"stream_name":"stderr","time":3140.454385071,"data":"The following columns in the Evaluation set don't have a corresponding argument in `DebertaV2ForTokenClassification.forward` and have been ignored: injected_email_context, ner_tags, n_tokens, n_per_spans, tokens, injected_email_multi_token, entity_density_bucket, injected_email_str, n_email_spans, injected_email_inserted_at. If injected_email_context, ner_tags, n_tokens, n_per_spans, tokens, injected_email_multi_token, entity_density_bucket, injected_email_str, n_email_spans, injected_email_inserted_at are not expected by `DebertaV2ForTokenClassification.forward`,  you can safely ignore this message.\n"}
,{"stream_name":"stderr","time":3140.454435999,"data":"\n"}
,{"stream_name":"stderr","time":3140.454442761,"data":"The following columns in the Evaluation set don't have a corresponding argument in `DebertaV2ForTokenClassification.forward` and have been ignored: injected_email_context, ner_tags, n_tokens, n_per_spans, tokens, injected_email_multi_token, entity_density_bucket, injected_email_str, n_email_spans, injected_email_inserted_at. If injected_email_context, ner_tags, n_tokens, n_per_spans, tokens, injected_email_multi_token, entity_density_bucket, injected_email_str, n_email_spans, injected_email_inserted_at are not expected by `DebertaV2ForTokenClassification.forward`,  you can safely ignore this message.\n"}
,{"stream_name":"stderr","time":3140.459316929,"data":"\n"}
,{"stream_name":"stderr","time":3140.459352001,"data":"***** Running Evaluation *****\n"}
,{"stream_name":"stderr","time":3140.459356338,"data":"\n"}
,{"stream_name":"stderr","time":3140.459359673,"data":"\n"}
,{"stream_name":"stderr","time":3140.459362946,"data":"***** Running Evaluation *****\n"}
,{"stream_name":"stderr","time":3140.460399403,"data":"  Num examples = 4278\n"}
,{"stream_name":"stderr","time":3140.460425546,"data":"\n"}
,{"stream_name":"stderr","time":3140.460450954,"data":"  Num examples = 4278\n"}
,{"stream_name":"stderr","time":3140.461641247,"data":"  Batch size = 32\n"}
,{"stream_name":"stderr","time":3140.46165652,"data":"\n"}
,{"stream_name":"stderr","time":3140.461660607,"data":"  Batch size = 32\n"}
,{"stream_name":"stderr","time":3156.495578704,"data":"Saving model checkpoint to /kaggle/working/deberta_seed0/checkpoint-7575\n"}
,{"stream_name":"stderr","time":3156.495616346,"data":"\n"}
,{"stream_name":"stderr","time":3156.495624073,"data":"Saving model checkpoint to /kaggle/working/deberta_seed0/checkpoint-7575\n"}
,{"stream_name":"stderr","time":3156.496721894,"data":"Configuration saved in /kaggle/working/deberta_seed0/checkpoint-7575/config.json\n"}
,{"stream_name":"stderr","time":3156.496746946,"data":"\n"}
,{"stream_name":"stderr","time":3156.496753891,"data":"Configuration saved in /kaggle/working/deberta_seed0/checkpoint-7575/config.json\n"}
,{"stream_name":"stdout","time":3156.502848594,"data":"{'eval_overall_f1': '0.954', 'eval_per_f1': '0.9349', 'eval_email_f1': '0.9992', 'eval_token_fpr': '0.007887', 'eval_token_fnr': '0.01099', 'eval_loss': '0.03848', 'eval_runtime': '16.01', 'eval_samples_per_second': '267.2', 'eval_steps_per_second': '8.37', 'epoch': '5'}\n"}
,{"stream_name":"stderr","time":3157.11492784,"data":"Model weights saved in /kaggle/working/deberta_seed0/checkpoint-7575/model.safetensors\n"}
,{"stream_name":"stderr","time":3157.11496303,"data":"\n"}
,{"stream_name":"stderr","time":3157.114974461,"data":"Model weights saved in /kaggle/working/deberta_seed0/checkpoint-7575/model.safetensors\n"}
,{"stream_name":"stderr","time":3157.320689407,"data":"tokenizer config file saved in /kaggle/working/deberta_seed0/checkpoint-7575/tokenizer_config.json\n"}
,{"stream_name":"stderr","time":3157.320726542,"data":"\n"}
,{"stream_name":"stderr","time":3157.320732283,"data":"tokenizer config file saved in /kaggle/working/deberta_seed0/checkpoint-7575/tokenizer_config.json\n"}
,{"stream_name":"stderr","time":3158.086739414,"data":"Deleting older checkpoint [/kaggle/working/deberta_seed0/checkpoint-6060] due to args.save_total_limit\n"}
,{"stream_name":"stderr","time":3158.086769599,"data":"\n"}
,{"stream_name":"stderr","time":3158.086776502,"data":"Deleting older checkpoint [/kaggle/working/deberta_seed0/checkpoint-6060] due to args.save_total_limit\n"}
,{"stream_name":"stderr","time":3158.222017029,"data":"\n"}
,{"stream_name":"stderr","time":3158.222048617,"data":"\n"}
,{"stream_name":"stderr","time":3158.222055088,"data":"Training completed. Do not forget to share your model on huggingface.co/models =)\n"}
,{"stream_name":"stderr","time":3158.222061419,"data":"\n"}
,{"stream_name":"stderr","time":3158.222066848,"data":"\n"}
,{"stream_name":"stderr","time":3158.222072522,"data":"\n"}
,{"stream_name":"stderr","time":3158.222077984,"data":"\n"}
,{"stream_name":"stderr","time":3158.222083999,"data":"\n"}
,{"stream_name":"stderr","time":3158.222089556,"data":"Training completed. Do not forget to share your model on huggingface.co/models =)\n"}
,{"stream_name":"stderr","time":3158.222095439,"data":"\n"}
,{"stream_name":"stderr","time":3158.222100897,"data":"\n"}
,{"stream_name":"stderr","time":3158.223054874,"data":"Loading best model from /kaggle/working/deberta_seed0/checkpoint-7575 (score: 0.9540356790051716).\n"}
,{"stream_name":"stderr","time":3158.223080989,"data":"\n"}
,{"stream_name":"stderr","time":3158.223087544,"data":"Loading best model from /kaggle/working/deberta_seed0/checkpoint-7575 (score: 0.9540356790051716).\n"}
,{"stream_name":"stderr","time":3158.314789841,"data":"There were missing keys in the checkpoint model loaded: ['deberta.embeddings.LayerNorm.weight', 'deberta.embeddings.LayerNorm.bias', 'deberta.encoder.layer.0.attention.output.LayerNorm.weight', 'deberta.encoder.layer.0.attention.output.LayerNorm.bias', 'deberta.encoder.layer.0.output.LayerNorm.weight', 'deberta.encoder.layer.0.output.LayerNorm.bias', 'deberta.encoder.layer.1.attention.output.LayerNorm.weight', 'deberta.encoder.layer.1.attention.output.LayerNorm.bias', 'deberta.encoder.layer.1.output.LayerNorm.weight', 'deberta.encoder.layer.1.output.LayerNorm.bias', 'deberta.encoder.layer.2.attention.output.LayerNorm.weight', 'deberta.encoder.layer.2.attention.output.LayerNorm.bias', 'deberta.encoder.layer.2.output.LayerNorm.weight', 'deberta.encoder.layer.2.output.LayerNorm.bias', 'deberta.encoder.layer.3.attention.output.LayerNorm.weight', 'deberta.encoder.layer.3.attention.output.LayerNorm.bias', 'deberta.encoder.layer.3.output.LayerNorm.weight', 'deberta.encoder.layer.3.output.LayerNorm.bias', 'deberta.encoder.layer.4.attention.output.LayerNorm.weight', 'deberta.encoder.layer.4.attention.output.LayerNorm.bias', 'deberta.encoder.layer.4.output.LayerNorm.weight', 'deberta.encoder.layer.4.output.LayerNorm.bias', 'deberta.encoder.layer.5.attention.output.LayerNorm.weight', 'deberta.encoder.layer.5.attention.output.LayerNorm.bias', 'deberta.encoder.layer.5.output.LayerNorm.weight', 'deberta.encoder.layer.5.output.LayerNorm.bias', 'deberta.encoder.LayerNorm.weight', 'deberta.encoder.LayerNorm.bias'].\n"}
,{"stream_name":"stderr","time":3158.314866242,"data":"\n"}
,{"stream_name":"stderr","time":3158.314875695,"data":"There were missing keys in the checkpoint model loaded: ['deberta.embeddings.LayerNorm.weight', 'deberta.embeddings.LayerNorm.bias', 'deberta.encoder.layer.0.attention.output.LayerNorm.weight', 'deberta.encoder.layer.0.attention.output.LayerNorm.bias', 'deberta.encoder.layer.0.output.LayerNorm.weight', 'deberta.encoder.layer.0.output.LayerNorm.bias', 'deberta.encoder.layer.1.attention.output.LayerNorm.weight', 'deberta.encoder.layer.1.attention.output.LayerNorm.bias', 'deberta.encoder.layer.1.output.LayerNorm.weight', 'deberta.encoder.layer.1.output.LayerNorm.bias', 'deberta.encoder.layer.2.attention.output.LayerNorm.weight', 'deberta.encoder.layer.2.attention.output.LayerNorm.bias', 'deberta.encoder.layer.2.output.LayerNorm.weight', 'deberta.encoder.layer.2.output.LayerNorm.bias', 'deberta.encoder.layer.3.attention.output.LayerNorm.weight', 'deberta.encoder.layer.3.attention.output.LayerNorm.bias', 'deberta.encoder.layer.3.output.LayerNorm.weight', 'deberta.encoder.layer.3.output.LayerNorm.bias', 'deberta.encoder.layer.4.attention.output.LayerNorm.weight', 'deberta.encoder.layer.4.attention.output.LayerNorm.bias', 'deberta.encoder.layer.4.output.LayerNorm.weight', 'deberta.encoder.layer.4.output.LayerNorm.bias', 'deberta.encoder.layer.5.attention.output.LayerNorm.weight', 'deberta.encoder.layer.5.attention.output.LayerNorm.bias', 'deberta.encoder.layer.5.output.LayerNorm.weight', 'deberta.encoder.layer.5.output.LayerNorm.bias', 'deberta.encoder.LayerNorm.weight', 'deberta.encoder.LayerNorm.bias'].\n"}
,{"stream_name":"stderr","time":3158.316161907,"data":"There were unexpected keys in the checkpoint model loaded: ['deberta.embeddings.LayerNorm.beta', 'deberta.embeddings.LayerNorm.gamma', 'deberta.encoder.layer.0.attention.output.LayerNorm.beta', 'deberta.encoder.layer.0.attention.output.LayerNorm.gamma', 'deberta.encoder.layer.0.output.LayerNorm.beta', 'deberta.encoder.layer.0.output.LayerNorm.gamma', 'deberta.encoder.layer.1.attention.output.LayerNorm.beta', 'deberta.encoder.layer.1.attention.output.LayerNorm.gamma', 'deberta.encoder.layer.1.output.LayerNorm.beta', 'deberta.encoder.layer.1.output.LayerNorm.gamma', 'deberta.encoder.layer.2.attention.output.LayerNorm.beta', 'deberta.encoder.layer.2.attention.output.LayerNorm.gamma', 'deberta.encoder.layer.2.output.LayerNorm.beta', 'deberta.encoder.layer.2.output.LayerNorm.gamma', 'deberta.encoder.layer.3.attention.output.LayerNorm.beta', 'deberta.encoder.layer.3.attention.output.LayerNorm.gamma', 'deberta.encoder.layer.3.output.LayerNorm.beta', 'deberta.encoder.layer.3.output.LayerNorm.gamma', 'deberta.encoder.layer.4.attention.output.LayerNorm.beta', 'deberta.encoder.layer.4.attention.output.LayerNorm.gamma', 'deberta.encoder.layer.4.output.LayerNorm.beta', 'deberta.encoder.layer.4.output.LayerNorm.gamma', 'deberta.encoder.layer.5.attention.output.LayerNorm.beta', 'deberta.encoder.layer.5.attention.output.LayerNorm.gamma', 'deberta.encoder.layer.5.output.LayerNorm.beta', 'deberta.encoder.layer.5.output.LayerNorm.gamma', 'deberta.encoder.LayerNorm.beta', 'deberta.encoder.LayerNorm.gamma'].\n"}
,{"stream_name":"stderr","time":3158.316201605,"data":"\n"}
,{"stream_name":"stderr","time":3158.316205697,"data":"There were unexpected keys in the checkpoint model loaded: ['deberta.embeddings.LayerNorm.beta', 'deberta.embeddings.LayerNorm.gamma', 'deberta.encoder.layer.0.attention.output.LayerNorm.beta', 'deberta.encoder.layer.0.attention.output.LayerNorm.gamma', 'deberta.encoder.layer.0.output.LayerNorm.beta', 'deberta.encoder.layer.0.output.LayerNorm.gamma', 'deberta.encoder.layer.1.attention.output.LayerNorm.beta', 'deberta.encoder.layer.1.attention.output.LayerNorm.gamma', 'deberta.encoder.layer.1.output.LayerNorm.beta', 'deberta.encoder.layer.1.output.LayerNorm.gamma', 'deberta.encoder.layer.2.attention.output.LayerNorm.beta', 'deberta.encoder.layer.2.attention.output.LayerNorm.gamma', 'deberta.encoder.layer.2.output.LayerNorm.beta', 'deberta.encoder.layer.2.output.LayerNorm.gamma', 'deberta.encoder.layer.3.attention.output.LayerNorm.beta', 'deberta.encoder.layer.3.attention.output.LayerNorm.gamma', 'deberta.encoder.layer.3.output.LayerNorm.beta', 'deberta.encoder.layer.3.output.LayerNorm.gamma', 'deberta.encoder.layer.4.attention.output.LayerNorm.beta', 'deberta.encoder.layer.4.attention.output.LayerNorm.gamma', 'deberta.encoder.layer.4.output.LayerNorm.beta', 'deberta.encoder.layer.4.output.LayerNorm.gamma', 'deberta.encoder.layer.5.attention.output.LayerNorm.beta', 'deberta.encoder.layer.5.attention.output.LayerNorm.gamma', 'deberta.encoder.layer.5.output.LayerNorm.beta', 'deberta.encoder.layer.5.output.LayerNorm.gamma', 'deberta.encoder.LayerNorm.beta', 'deberta.encoder.LayerNorm.gamma'].\n"}
,{"stream_name":"stderr","time":3158.325750913,"data":"The following columns in the Evaluation set don't have a corresponding argument in `DebertaV2ForTokenClassification.forward` and have been ignored: injected_email_context, ner_tags, n_tokens, n_per_spans, tokens, injected_email_multi_token, entity_density_bucket, injected_email_str, n_email_spans, injected_email_inserted_at. If injected_email_context, ner_tags, n_tokens, n_per_spans, tokens, injected_email_multi_token, entity_density_bucket, injected_email_str, n_email_spans, injected_email_inserted_at are not expected by `DebertaV2ForTokenClassification.forward`,  you can safely ignore this message.\n"}
,{"stream_name":"stderr","time":3158.325776311,"data":"\n"}
,{"stream_name":"stderr","time":3158.325781314,"data":"The following columns in the Evaluation set don't have a corresponding argument in `DebertaV2ForTokenClassification.forward` and have been ignored: injected_email_context, ner_tags, n_tokens, n_per_spans, tokens, injected_email_multi_token, entity_density_bucket, injected_email_str, n_email_spans, injected_email_inserted_at. If injected_email_context, ner_tags, n_tokens, n_per_spans, tokens, injected_email_multi_token, entity_density_bucket, injected_email_str, n_email_spans, injected_email_inserted_at are not expected by `DebertaV2ForTokenClassification.forward`,  you can safely ignore this message.\n"}
,{"stream_name":"stderr","time":3158.331521124,"data":"\n"}
,{"stream_name":"stderr","time":3158.33154322,"data":"***** Running Evaluation *****\n"}
,{"stream_name":"stderr","time":3158.331548471,"data":"\n"}
,{"stream_name":"stderr","time":3158.331552464,"data":"\n"}
,{"stream_name":"stderr","time":3158.33155621,"data":"***** Running Evaluation *****\n"}
,{"stream_name":"stderr","time":3158.332575308,"data":"  Num examples = 4278\n"}
,{"stream_name":"stderr","time":3158.332589959,"data":"\n"}
,{"stream_name":"stderr","time":3158.332605914,"data":"  Num examples = 4278\n"}
,{"stream_name":"stderr","time":3158.334789413,"data":"  Batch size = 32\n"}
,{"stream_name":"stderr","time":3158.334807064,"data":"\n"}
,{"stream_name":"stderr","time":3158.334811556,"data":"  Batch size = 32\n"}
,{"stream_name":"stdout","time":3158.335874743,"data":"{'train_runtime': '1535', 'train_samples_per_second': '78.97', 'train_steps_per_second': '4.936', 'train_loss': '0.1549', 'epoch': '5'}\n"}
,{"stream_name":"stderr","time":3174.176509272,"data":"The following columns in the Evaluation set don't have a corresponding argument in `DebertaV2ForTokenClassification.forward` and have been ignored: injected_email_context, ner_tags, n_tokens, n_per_spans, tokens, injected_email_multi_token, entity_density_bucket, injected_email_str, n_email_spans, injected_email_inserted_at. If injected_email_context, ner_tags, n_tokens, n_per_spans, tokens, injected_email_multi_token, entity_density_bucket, injected_email_str, n_email_spans, injected_email_inserted_at are not expected by `DebertaV2ForTokenClassification.forward`,  you can safely ignore this message.\n"}
,{"stream_name":"stderr","time":3174.176580206,"data":"\n"}
,{"stream_name":"stderr","time":3174.17660104,"data":"The following columns in the Evaluation set don't have a corresponding argument in `DebertaV2ForTokenClassification.forward` and have been ignored: injected_email_context, ner_tags, n_tokens, n_per_spans, tokens, injected_email_multi_token, entity_density_bucket, injected_email_str, n_email_spans, injected_email_inserted_at. If injected_email_context, ner_tags, n_tokens, n_per_spans, tokens, injected_email_multi_token, entity_density_bucket, injected_email_str, n_email_spans, injected_email_inserted_at are not expected by `DebertaV2ForTokenClassification.forward`,  you can safely ignore this message.\n"}
,{"stream_name":"stderr","time":3174.184165234,"data":"\n"}
,{"stream_name":"stderr","time":3174.184201435,"data":"***** Running Evaluation *****\n"}
,{"stream_name":"stderr","time":3174.184212146,"data":"\n"}
,{"stream_name":"stderr","time":3174.184216101,"data":"\n"}
,{"stream_name":"stderr","time":3174.184219733,"data":"***** Running Evaluation *****\n"}
,{"stream_name":"stderr","time":3174.185183805,"data":"  Num examples = 3650\n"}
,{"stream_name":"stderr","time":3174.185224891,"data":"\n"}
,{"stream_name":"stderr","time":3174.18523151,"data":"  Num examples = 3650\n"}
,{"stream_name":"stderr","time":3174.186032384,"data":"  Batch size = 32\n"}
,{"stream_name":"stderr","time":3174.186055096,"data":"\n"}
,{"stream_name":"stderr","time":3174.1860615,"data":"  Batch size = 32\n"}
,{"stream_name":"stdout","time":3174.188163707,"data":"{'eval_overall_f1': '0.954', 'eval_per_f1': '0.9349', 'eval_email_f1': '0.9992', 'eval_token_fpr': '0.007887', 'eval_token_fnr': '0.01099', 'eval_loss': '0.03848', 'eval_runtime': '15.84', 'eval_samples_per_second': '270', 'eval_steps_per_second': '8.458', 'epoch': '5'}\n"}
,{"stream_name":"stdout","time":3174.188182673,"data":"\n"}
,{"stream_name":"stdout","time":3174.188188713,"data":"Validation metrics: {'eval_overall_f1': 0.9540356790051716, 'eval_per_f1': 0.9349210286942861, 'eval_email_f1': 0.9992181391712275, 'eval_token_fpr': 0.007887440216074586, 'eval_token_fnr': 0.010987788874307703, 'eval_loss': 0.038482666015625, 'eval_runtime': 15.8435, 'eval_samples_per_second': 270.016, 'eval_steps_per_second': 8.458, 'epoch': 5.0}\n"}
,{"stream_name":"stderr","time":3187.866480086,"data":"Saving model checkpoint to /kaggle/working/deberta_seed0/best_model\n"}
,{"stream_name":"stderr","time":3187.866519453,"data":"\n"}
,{"stream_name":"stderr","time":3187.866536861,"data":"Saving model checkpoint to /kaggle/working/deberta_seed0/best_model\n"}
,{"stream_name":"stderr","time":3187.867602776,"data":"Configuration saved in /kaggle/working/deberta_seed0/best_model/config.json\n"}
,{"stream_name":"stderr","time":3187.867628435,"data":"\n"}
,{"stream_name":"stderr","time":3187.867633727,"data":"Configuration saved in /kaggle/working/deberta_seed0/best_model/config.json\n"}
,{"stream_name":"stdout","time":3187.873874715,"data":"{'eval_overall_f1': '0.9117', 'eval_per_f1': '0.9166', 'eval_email_f1': '0.8999', 'eval_token_fpr': '0.008144', 'eval_token_fnr': '0.02098', 'eval_loss': '0.07709', 'eval_runtime': '13.65', 'eval_samples_per_second': '267.3', 'eval_steps_per_second': '8.423', 'epoch': '5'}\n"}
,{"stream_name":"stdout","time":3187.873901158,"data":"Test metrics: {'eval_overall_f1': 0.9116603040653675, 'eval_per_f1': 0.9165638348362601, 'eval_email_f1': 0.8999090081892629, 'eval_token_fpr': 0.00814399200044442, 'eval_token_fnr': 0.020977319186216294, 'eval_loss': 0.07708740234375, 'eval_runtime': 13.6533, 'eval_samples_per_second': 267.335, 'eval_steps_per_second': 8.423, 'epoch': 5.0}\n"}
,{"stream_name":"stderr","time":3188.473586499,"data":"Model weights saved in /kaggle/working/deberta_seed0/best_model/model.safetensors\n"}
,{"stream_name":"stderr","time":3188.47361949,"data":"\n"}
,{"stream_name":"stderr","time":3188.473624068,"data":"Model weights saved in /kaggle/working/deberta_seed0/best_model/model.safetensors\n"}
,{"stream_name":"stderr","time":3188.474389596,"data":"tokenizer config file saved in /kaggle/working/deberta_seed0/best_model/tokenizer_config.json\n"}
,{"stream_name":"stderr","time":3188.474411509,"data":"\n"}
,{"stream_name":"stderr","time":3188.474417473,"data":"tokenizer config file saved in /kaggle/working/deberta_seed0/best_model/tokenizer_config.json\n"}
,{"stream_name":"stdout","time":3188.698105988,"data":"\n"}
,{"stream_name":"stdout","time":3188.698155299,"data":"Saved: deberta_seed0_result.json\n"}
,{"stream_name":"stdout","time":3188.698161226,"data":"\n"}
,{"stream_name":"stdout","time":3188.698165585,"data":"============================================================\n"}
,{"stream_name":"stdout","time":3188.698170278,"data":"START: deberta_seed7  |  model=microsoft/deberta-v3-small  |  seed=7\n"}
,{"stream_name":"stdout","time":3188.698175095,"data":"============================================================\n"}
,{"stream_name":"stdout","time":3188.698179475,"data":"\n"}
,{"stream_name":"stderr","time":3188.800636552,"data":"loading configuration file config.json from cache at /root/.cache/huggingface/hub/models--microsoft--deberta-v3-small/snapshots/a36c739020e01763fe789b4b85e2df55d6180012/config.json\n"}
,{"stream_name":"stderr","time":3188.800672779,"data":"\n"}
,{"stream_name":"stderr","time":3188.800678154,"data":"loading configuration file config.json from cache at /root/.cache/huggingface/hub/models--microsoft--deberta-v3-small/snapshots/a36c739020e01763fe789b4b85e2df55d6180012/config.json\n"}
,{"stream_name":"stderr","time":3188.801769135,"data":"Model config DebertaV2Config {\n"}
,{"stream_name":"stderr","time":3188.801794587,"data":"  \"attention_probs_dropout_prob\": 0.1,\n"}
,{"stream_name":"stderr","time":3188.801799616,"data":"  \"bos_token_id\": null,\n"}
,{"stream_name":"stderr","time":3188.80180396,"data":"  \"eos_token_id\": null,\n"}
,{"stream_name":"stderr","time":3188.801808142,"data":"  \"hidden_act\": \"gelu\",\n"}
,{"stream_name":"stderr","time":3188.801812358,"data":"  \"hidden_dropout_prob\": 0.1,\n"}
,{"stream_name":"stderr","time":3188.801816417,"data":"  \"hidden_size\": 768,\n"}
,{"stream_name":"stderr","time":3188.801821047,"data":"  \"initializer_range\": 0.02,\n"}
,{"stream_name":"stderr","time":3188.801852285,"data":"  \"intermediate_size\": 3072,\n"}
,{"stream_name":"stderr","time":3188.80185538,"data":"  \"layer_norm_eps\": 1e-07,\n"}
,{"stream_name":"stderr","time":3188.801858102,"data":"  \"legacy\": true,\n"}
,{"stream_name":"stderr","time":3188.801860706,"data":"  \"max_position_embeddings\": 512,\n"}
,{"stream_name":"stderr","time":3188.801863358,"data":"  \"max_relative_positions\": -1,\n"}
,{"stream_name":"stderr","time":3188.80186597,"data":"  \"model_type\": \"deberta-v2\",\n"}
,{"stream_name":"stderr","time":3188.801868853,"data":"  \"norm_rel_ebd\": \"layer_norm\",\n"}
,{"stream_name":"stderr","time":3188.801871657,"data":"  \"num_attention_heads\": 12,\n"}
,{"stream_name":"stderr","time":3188.801874245,"data":"  \"num_hidden_layers\": 6,\n"}
,{"stream_name":"stderr","time":3188.801876817,"data":"  \"pad_token_id\": 0,\n"}
,{"stream_name":"stderr","time":3188.801879419,"data":"  \"pooler_dropout\": 0,\n"}
,{"stream_name":"stderr","time":3188.801881992,"data":"  \"pooler_hidden_act\": \"gelu\",\n"}
,{"stream_name":"stderr","time":3188.801884655,"data":"  \"pooler_hidden_size\": 768,\n"}
,{"stream_name":"stderr","time":3188.801887228,"data":"  \"pos_att_type\": [\n"}
,{"stream_name":"stderr","time":3188.801889871,"data":"    \"p2c\",\n"}
,{"stream_name":"stderr","time":3188.80189248,"data":"    \"c2p\"\n"}
,{"stream_name":"stderr","time":3188.801895054,"data":"  ],\n"}
,{"stream_name":"stderr","time":3188.801897613,"data":"  \"position_biased_input\": false,\n"}
,{"stream_name":"stderr","time":3188.80190025,"data":"  \"position_buckets\": 256,\n"}
,{"stream_name":"stderr","time":3188.801902843,"data":"  \"relative_attention\": true,\n"}
,{"stream_name":"stderr","time":3188.801905415,"data":"  \"share_att_key\": true,\n"}
,{"stream_name":"stderr","time":3188.801907983,"data":"  \"tie_word_embeddings\": true,\n"}
,{"stream_name":"stderr","time":3188.801910586,"data":"  \"transformers_version\": \"5.0.0\",\n"}
,{"stream_name":"stderr","time":3188.801913276,"data":"  \"type_vocab_size\": 0,\n"}
,{"stream_name":"stderr","time":3188.801915863,"data":"  \"vocab_size\": 128100\n"}
,{"stream_name":"stderr","time":3188.801918462,"data":"}\n"}
,{"stream_name":"stderr","time":3188.801920935,"data":"\n"}
,{"stream_name":"stderr","time":3188.801923416,"data":"\n"}
,{"stream_name":"stderr","time":3188.801925854,"data":"Model config DebertaV2Config {\n"}
,{"stream_name":"stderr","time":3188.80192853,"data":"  \"attention_probs_dropout_prob\": 0.1,\n"}
,{"stream_name":"stderr","time":3188.801931119,"data":"  \"bos_token_id\": null,\n"}
,{"stream_name":"stderr","time":3188.801933701,"data":"  \"eos_token_id\": null,\n"}
,{"stream_name":"stderr","time":3188.801936239,"data":"  \"hidden_act\": \"gelu\",\n"}
,{"stream_name":"stderr","time":3188.80193885,"data":"  \"hidden_dropout_prob\": 0.1,\n"}
,{"stream_name":"stderr","time":3188.801941434,"data":"  \"hidden_size\": 768,\n"}
,{"stream_name":"stderr","time":3188.801944036,"data":"  \"initializer_range\": 0.02,\n"}
,{"stream_name":"stderr","time":3188.801946602,"data":"  \"intermediate_size\": 3072,\n"}
,{"stream_name":"stderr","time":3188.801949165,"data":"  \"layer_norm_eps\": 1e-07,\n"}
,{"stream_name":"stderr","time":3188.801951763,"data":"  \"legacy\": true,\n"}
,{"stream_name":"stderr","time":3188.801954375,"data":"  \"max_position_embeddings\": 512,\n"}
,{"stream_name":"stderr","time":3188.801957038,"data":"  \"max_relative_positions\": -1,\n"}
,{"stream_name":"stderr","time":3188.801959616,"data":"  \"model_type\": \"deberta-v2\",\n"}
,{"stream_name":"stderr","time":3188.801965065,"data":"  \"norm_rel_ebd\": \"layer_norm\",\n"}
,{"stream_name":"stderr","time":3188.801967845,"data":"  \"num_attention_heads\": 12,\n"}
,{"stream_name":"stderr","time":3188.801970463,"data":"  \"num_hidden_layers\": 6,\n"}
,{"stream_name":"stderr","time":3188.801973028,"data":"  \"pad_token_id\": 0,\n"}
,{"stream_name":"stderr","time":3188.801975573,"data":"  \"pooler_dropout\": 0,\n"}
,{"stream_name":"stderr","time":3188.801978266,"data":"  \"pooler_hidden_act\": \"gelu\",\n"}
,{"stream_name":"stderr","time":3188.801980864,"data":"  \"pooler_hidden_size\": 768,\n"}
,{"stream_name":"stderr","time":3188.801983459,"data":"  \"pos_att_type\": [\n"}
,{"stream_name":"stderr","time":3188.801986019,"data":"    \"p2c\",\n"}
,{"stream_name":"stderr","time":3188.80198857,"data":"    \"c2p\"\n"}
,{"stream_name":"stderr","time":3188.801991101,"data":"  ],\n"}
,{"stream_name":"stderr","time":3188.801993613,"data":"  \"position_biased_input\": false,\n"}
,{"stream_name":"stderr","time":3188.801996274,"data":"  \"position_buckets\": 256,\n"}
,{"stream_name":"stderr","time":3188.801998908,"data":"  \"relative_attention\": true,\n"}
,{"stream_name":"stderr","time":3188.802001505,"data":"  \"share_att_key\": true,\n"}
,{"stream_name":"stderr","time":3188.802004073,"data":"  \"tie_word_embeddings\": true,\n"}
,{"stream_name":"stderr","time":3188.802006662,"data":"  \"transformers_version\": \"5.0.0\",\n"}
,{"stream_name":"stderr","time":3188.802009291,"data":"  \"type_vocab_size\": 0,\n"}
,{"stream_name":"stderr","time":3188.802011896,"data":"  \"vocab_size\": 128100\n"}
,{"stream_name":"stderr","time":3188.802014561,"data":"}\n"}
,{"stream_name":"stderr","time":3188.802017036,"data":"\n"}
,{"stream_name":"stderr","time":3189.523389984,"data":"loading configuration file config.json from cache at /root/.cache/huggingface/hub/models--microsoft--deberta-v3-small/snapshots/a36c739020e01763fe789b4b85e2df55d6180012/config.json\n"}
,{"stream_name":"stderr","time":3189.523426909,"data":"\n"}
,{"stream_name":"stderr","time":3189.523431931,"data":"loading configuration file config.json from cache at /root/.cache/huggingface/hub/models--microsoft--deberta-v3-small/snapshots/a36c739020e01763fe789b4b85e2df55d6180012/config.json\n"}
,{"stream_name":"stderr","time":3189.524285449,"data":"Model config DebertaV2Config {\n"}
,{"stream_name":"stderr","time":3189.524320847,"data":"  \"attention_probs_dropout_prob\": 0.1,\n"}
,{"stream_name":"stderr","time":3189.524326329,"data":"  \"bos_token_id\": null,\n"}
,{"stream_name":"stderr","time":3189.524331526,"data":"  \"eos_token_id\": null,\n"}
,{"stream_name":"stderr","time":3189.524335959,"data":"  \"hidden_act\": \"gelu\",\n"}
,{"stream_name":"stderr","time":3189.524341067,"data":"  \"hidden_dropout_prob\": 0.1,\n"}
,{"stream_name":"stderr","time":3189.52434587,"data":"  \"hidden_size\": 768,\n"}
,{"stream_name":"stderr","time":3189.524350474,"data":"  \"id2label\": {\n"}
,{"stream_name":"stderr","time":3189.524354996,"data":"    \"0\": \"O\",\n"}
,{"stream_name":"stderr","time":3189.524358993,"data":"    \"1\": \"B-PER\",\n"}
,{"stream_name":"stderr","time":3189.524362834,"data":"    \"2\": \"I-PER\",\n"}
,{"stream_name":"stderr","time":3189.524366836,"data":"    \"3\": \"B-EMAIL\",\n"}
,{"stream_name":"stderr","time":3189.524370637,"data":"    \"4\": \"I-EMAIL\"\n"}
,{"stream_name":"stderr","time":3189.524377789,"data":"  },\n"}
,{"stream_name":"stderr","time":3189.524380209,"data":"  \"initializer_range\": 0.02,\n"}
,{"stream_name":"stderr","time":3189.524382796,"data":"  \"intermediate_size\": 3072,\n"}
,{"stream_name":"stderr","time":3189.524401373,"data":"  \"label2id\": {\n"}
,{"stream_name":"stderr","time":3189.524404172,"data":"    \"B-EMAIL\": 3,\n"}
,{"stream_name":"stderr","time":3189.524406662,"data":"    \"B-PER\": 1,\n"}
,{"stream_name":"stderr","time":3189.524409204,"data":"    \"I-EMAIL\": 4,\n"}
,{"stream_name":"stderr","time":3189.524411666,"data":"    \"I-PER\": 2,\n"}
,{"stream_name":"stderr","time":3189.524414182,"data":"    \"O\": 0\n"}
,{"stream_name":"stderr","time":3189.524416667,"data":"  },\n"}
,{"stream_name":"stderr","time":3189.524420143,"data":"  \"layer_norm_eps\": 1e-07,\n"}
,{"stream_name":"stderr","time":3189.524435158,"data":"  \"legacy\": true,\n"}
,{"stream_name":"stderr","time":3189.52443992,"data":"  \"max_position_embeddings\": 512,\n"}
,{"stream_name":"stderr","time":3189.524444438,"data":"  \"max_relative_positions\": -1,\n"}
,{"stream_name":"stderr","time":3189.524449183,"data":"  \"model_type\": \"deberta-v2\",\n"}
,{"stream_name":"stderr","time":3189.524453911,"data":"  \"norm_rel_ebd\": \"layer_norm\",\n"}
,{"stream_name":"stderr","time":3189.524457816,"data":"  \"num_attention_heads\": 12,\n"}
,{"stream_name":"stderr","time":3189.524461609,"data":"  \"num_hidden_layers\": 6,\n"}
,{"stream_name":"stderr","time":3189.524465401,"data":"  \"pad_token_id\": 0,\n"}
,{"stream_name":"stderr","time":3189.524469866,"data":"  \"pooler_dropout\": 0,\n"}
,{"stream_name":"stderr","time":3189.524473789,"data":"  \"pooler_hidden_act\": \"gelu\",\n"}
,{"stream_name":"stderr","time":3189.524481511,"data":"  \"pooler_hidden_size\": 768,\n"}
,{"stream_name":"stderr","time":3189.524484703,"data":"  \"pos_att_type\": [\n"}
,{"stream_name":"stderr","time":3189.524487163,"data":"    \"p2c\",\n"}
,{"stream_name":"stderr","time":3189.524489616,"data":"    \"c2p\"\n"}
,{"stream_name":"stderr","time":3189.524492039,"data":"  ],\n"}
,{"stream_name":"stderr","time":3189.524494565,"data":"  \"position_biased_input\": false,\n"}
,{"stream_name":"stderr","time":3189.524497166,"data":"  \"position_buckets\": 256,\n"}
,{"stream_name":"stderr","time":3189.524499724,"data":"  \"relative_attention\": true,\n"}
,{"stream_name":"stderr","time":3189.524502264,"data":"  \"share_att_key\": true,\n"}
,{"stream_name":"stderr","time":3189.524504771,"data":"  \"tie_word_embeddings\": true,\n"}
,{"stream_name":"stderr","time":3189.524507269,"data":"  \"transformers_version\": \"5.0.0\",\n"}
,{"stream_name":"stderr","time":3189.524509942,"data":"  \"type_vocab_size\": 0,\n"}
,{"stream_name":"stderr","time":3189.5245124,"data":"  \"vocab_size\": 128100\n"}
,{"stream_name":"stderr","time":3189.524515046,"data":"}\n"}
,{"stream_name":"stderr","time":3189.524528206,"data":"\n"}
,{"stream_name":"stderr","time":3189.524533234,"data":"\n"}
,{"stream_name":"stderr","time":3189.524537396,"data":"Model config DebertaV2Config {\n"}
,{"stream_name":"stderr","time":3189.524542142,"data":"  \"attention_probs_dropout_prob\": 0.1,\n"}
,{"stream_name":"stderr","time":3189.524546794,"data":"  \"bos_token_id\": null,\n"}
,{"stream_name":"stderr","time":3189.524550675,"data":"  \"eos_token_id\": null,\n"}
,{"stream_name":"stderr","time":3189.524554492,"data":"  \"hidden_act\": \"gelu\",\n"}
,{"stream_name":"stderr","time":3189.524558292,"data":"  \"hidden_dropout_prob\": 0.1,\n"}
,{"stream_name":"stderr","time":3189.524562037,"data":"  \"hidden_size\": 768,\n"}
,{"stream_name":"stderr","time":3189.524565812,"data":"  \"id2label\": {\n"}
,{"stream_name":"stderr","time":3189.524569592,"data":"    \"0\": \"O\",\n"}
,{"stream_name":"stderr","time":3189.524573417,"data":"    \"1\": \"B-PER\",\n"}
,{"stream_name":"stderr","time":3189.524588169,"data":"    \"2\": \"I-PER\",\n"}
,{"stream_name":"stderr","time":3189.524595741,"data":"    \"3\": \"B-EMAIL\",\n"}
,{"stream_name":"stderr","time":3189.524598929,"data":"    \"4\": \"I-EMAIL\"\n"}
,{"stream_name":"stderr","time":3189.524601377,"data":"  },\n"}
,{"stream_name":"stderr","time":3189.524603728,"data":"  \"initializer_range\": 0.02,\n"}
,{"stream_name":"stderr","time":3189.524606207,"data":"  \"intermediate_size\": 3072,\n"}
,{"stream_name":"stderr","time":3189.524608675,"data":"  \"label2id\": {\n"}
,{"stream_name":"stderr","time":3189.524611774,"data":"    \"B-EMAIL\": 3,\n"}
,{"stream_name":"stderr","time":3189.52462487,"data":"    \"B-PER\": 1,\n"}
,{"stream_name":"stderr","time":3189.524629471,"data":"    \"I-EMAIL\": 4,\n"}
,{"stream_name":"stderr","time":3189.524633955,"data":"    \"I-PER\": 2,\n"}
,{"stream_name":"stderr","time":3189.52463851,"data":"    \"O\": 0\n"}
,{"stream_name":"stderr","time":3189.5246429,"data":"  },\n"}
,{"stream_name":"stderr","time":3189.524646577,"data":"  \"layer_norm_eps\": 1e-07,\n"}
,{"stream_name":"stderr","time":3189.524650434,"data":"  \"legacy\": true,\n"}
,{"stream_name":"stderr","time":3189.524654288,"data":"  \"max_position_embeddings\": 512,\n"}
,{"stream_name":"stderr","time":3189.524658216,"data":"  \"max_relative_positions\": -1,\n"}
,{"stream_name":"stderr","time":3189.524662017,"data":"  \"model_type\": \"deberta-v2\",\n"}
,{"stream_name":"stderr","time":3189.524665863,"data":"  \"norm_rel_ebd\": \"layer_norm\",\n"}
,{"stream_name":"stderr","time":3189.524669718,"data":"  \"num_attention_heads\": 12,\n"}
,{"stream_name":"stderr","time":3189.524673492,"data":"  \"num_hidden_layers\": 6,\n"}
,{"stream_name":"stderr","time":3189.524677277,"data":"  \"pad_token_id\": 0,\n"}
,{"stream_name":"stderr","time":3189.524680997,"data":"  \"pooler_dropout\": 0,\n"}
,{"stream_name":"stderr","time":3189.524684784,"data":"  \"pooler_hidden_act\": \"gelu\",\n"}
,{"stream_name":"stderr","time":3189.524688632,"data":"  \"pooler_hidden_size\": 768,\n"}
,{"stream_name":"stderr","time":3189.52469243,"data":"  \"pos_att_type\": [\n"}
,{"stream_name":"stderr","time":3189.524696222,"data":"    \"p2c\",\n"}
,{"stream_name":"stderr","time":3189.524703746,"data":"    \"c2p\"\n"}
,{"stream_name":"stderr","time":3189.524706812,"data":"  ],\n"}
,{"stream_name":"stderr","time":3189.524719444,"data":"  \"position_biased_input\": false,\n"}
,{"stream_name":"stderr","time":3189.524724367,"data":"  \"position_buckets\": 256,\n"}
,{"stream_name":"stderr","time":3189.524729042,"data":"  \"relative_attention\": true,\n"}
,{"stream_name":"stderr","time":3189.524733673,"data":"  \"share_att_key\": true,\n"}
,{"stream_name":"stderr","time":3189.524739012,"data":"  \"tie_word_embeddings\": true,\n"}
,{"stream_name":"stderr","time":3189.524742873,"data":"  \"transformers_version\": \"5.0.0\",\n"}
,{"stream_name":"stderr","time":3189.524746774,"data":"  \"type_vocab_size\": 0,\n"}
,{"stream_name":"stderr","time":3189.524750552,"data":"  \"vocab_size\": 128100\n"}
,{"stream_name":"stderr","time":3189.524754394,"data":"}\n"}
,{"stream_name":"stderr","time":3189.524758065,"data":"\n"}
,{"stream_name":"stdout","time":3189.645591494,"data":"Using pre-tokenized dataset from Day 2.\n"}
,{"stream_name":"stderr","time":3189.672765524,"data":"loading weights file pytorch_model.bin from cache at /root/.cache/huggingface/hub/models--microsoft--deberta-v3-small/snapshots/a36c739020e01763fe789b4b85e2df55d6180012/pytorch_model.bin\n"}
,{"stream_name":"stderr","time":3189.672808239,"data":"\n"}
,{"stream_name":"stderr","time":3189.672857656,"data":"loading weights file pytorch_model.bin from cache at /root/.cache/huggingface/hub/models--microsoft--deberta-v3-small/snapshots/a36c739020e01763fe789b4b85e2df55d6180012/pytorch_model.bin\n"}
,{"stream_name":"stderr","time":3189.737529919,"data":"Attempting to create safetensors variant\n"}
,{"stream_name":"stderr","time":3189.737641091,"data":"\n"}
,{"stream_name":"stderr","time":3189.737662905,"data":"Attempting to create safetensors variant\n"}
,{"stream_name":"stderr","time":3189.852948048,"data":"Since the `dtype` attribute can't be found in model's config object, will use dtype={dtype} as derived from model's weights\n"}
,{"stream_name":"stderr","time":3189.852982662,"data":"\n"}
,{"stream_name":"stderr","time":3189.852991054,"data":"Since the `dtype` attribute can't be found in model's config object, will use dtype={dtype} as derived from model's weights\n"}
,{"stream_name":"stderr","time":3190.184145825,"data":"DebertaV2ForTokenClassification LOAD REPORT from: microsoft/deberta-v3-small\n"}
,{"stream_name":"stderr","time":3190.184185747,"data":"Key                                     | Status     | \n"}
,{"stream_name":"stderr","time":3190.184191439,"data":"----------------------------------------+------------+-\n"}
,{"stream_name":"stderr","time":3190.184201276,"data":"lm_predictions.lm_head.LayerNorm.bias   | UNEXPECTED | \n"}
,{"stream_name":"stderr","time":3190.184204428,"data":"mask_predictions.dense.weight           | UNEXPECTED | \n"}
,{"stream_name":"stderr","time":3190.184207024,"data":"lm_predictions.lm_head.LayerNorm.weight | UNEXPECTED | \n"}
,{"stream_name":"stderr","time":3190.184209785,"data":"mask_predictions.classifier.weight      | UNEXPECTED | \n"}
,{"stream_name":"stderr","time":3190.18421257,"data":"lm_predictions.lm_head.dense.bias       | UNEXPECTED | \n"}
,{"stream_name":"stderr","time":3190.184216241,"data":"mask_predictions.LayerNorm.bias         | UNEXPECTED | \n"}
,{"stream_name":"stderr","time":3190.184220052,"data":"mask_predictions.LayerNorm.weight       | UNEXPECTED | \n"}
,{"stream_name":"stderr","time":3190.184223441,"data":"lm_predictions.lm_head.dense.weight     | UNEXPECTED | \n"}
,{"stream_name":"stderr","time":3190.184226084,"data":"mask_predictions.dense.bias             | UNEXPECTED | \n"}
,{"stream_name":"stderr","time":3190.184228739,"data":"mask_predictions.classifier.bias        | UNEXPECTED | \n"}
,{"stream_name":"stderr","time":3190.184231518,"data":"lm_predictions.lm_head.bias             | UNEXPECTED | \n"}
,{"stream_name":"stderr","time":3190.184234115,"data":"classifier.bias                         | MISSING    | \n"}
,{"stream_name":"stderr","time":3190.184236664,"data":"classifier.weight                       | MISSING    | \n"}
,{"stream_name":"stderr","time":3190.184239249,"data":"\n"}
,{"stream_name":"stderr","time":3190.184272062,"data":"Notes:\n"}
,{"stream_name":"stderr","time":3190.184281248,"data":"- UNEXPECTED\t:can be ignored when loading from different task/architecture; not ok if you expect identical arch.\n"}
,{"stream_name":"stderr","time":3190.184286969,"data":"- MISSING\t:those params were newly initialized because missing from the checkpoint. Consider training on your downstream task.\n"}
,{"stream_name":"stderr","time":3190.184291416,"data":"\n"}
,{"stream_name":"stderr","time":3190.184295245,"data":"DebertaV2ForTokenClassification LOAD REPORT from: microsoft/deberta-v3-small\n"}
,{"stream_name":"stderr","time":3190.184299403,"data":"Key                                     | Status     | \n"}
,{"stream_name":"stderr","time":3190.1843034,"data":"----------------------------------------+------------+-\n"}
,{"stream_name":"stderr","time":3190.184307457,"data":"lm_predictions.lm_head.LayerNorm.bias   | UNEXPECTED | \n"}
,{"stream_name":"stderr","time":3190.184337285,"data":"mask_predictions.dense.weight           | UNEXPECTED | \n"}
,{"stream_name":"stderr","time":3190.184340311,"data":"lm_predictions.lm_head.LayerNorm.weight | UNEXPECTED | \n"}
,{"stream_name":"stderr","time":3190.184342892,"data":"mask_predictions.classifier.weight      | UNEXPECTED | \n"}
,{"stream_name":"stderr","time":3190.18434555,"data":"lm_predictions.lm_head.dense.bias       | UNEXPECTED | \n"}
,{"stream_name":"stderr","time":3190.184348536,"data":"mask_predictions.LayerNorm.bias         | UNEXPECTED | \n"}
,{"stream_name":"stderr","time":3190.184364202,"data":"mask_predictions.LayerNorm.weight       | UNEXPECTED | \n"}
,{"stream_name":"stderr","time":3190.184369407,"data":"lm_predictions.lm_head.dense.weight     | UNEXPECTED | \n"}
,{"stream_name":"stderr","time":3190.184373882,"data":"mask_predictions.dense.bias             | UNEXPECTED | \n"}
,{"stream_name":"stderr","time":3190.184378745,"data":"mask_predictions.classifier.bias        | UNEXPECTED | \n"}
,{"stream_name":"stderr","time":3190.18438336,"data":"lm_predictions.lm_head.bias             | UNEXPECTED | \n"}
,{"stream_name":"stderr","time":3190.184387986,"data":"classifier.bias                         | MISSING    | \n"}
,{"stream_name":"stderr","time":3190.184393287,"data":"classifier.weight                       | MISSING    | \n"}
,{"stream_name":"stderr","time":3190.184397404,"data":"\n"}
,{"stream_name":"stderr","time":3190.184401205,"data":"Notes:\n"}
,{"stream_name":"stderr","time":3190.184405044,"data":"- UNEXPECTED\t:can be ignored when loading from different task/architecture; not ok if you expect identical arch.\n"}
,{"stream_name":"stderr","time":3190.184409398,"data":"- MISSING\t:those params were newly initialized because missing from the checkpoint. Consider training on your downstream task.\n"}
,{"stream_name":"stderr","time":3190.185060462,"data":"Safetensors PR exists\n"}
,{"stream_name":"stderr","time":3190.185077029,"data":"\n"}
,{"stream_name":"stderr","time":3190.185080633,"data":"Safetensors PR exists\n"}
,{"stream_name":"stderr","time":3190.536825614,"data":"PyTorch: setting up devices\n"}
,{"stream_name":"stderr","time":3190.536871448,"data":"\n"}
,{"stream_name":"stderr","time":3190.53687788,"data":"PyTorch: setting up devices\n"}
,{"stream_name":"stderr","time":3190.576003853,"data":"warmup_ratio is deprecated and will be removed in v5.2. Use `warmup_steps` instead.\n"}
,{"stream_name":"stderr","time":3190.57603382,"data":"\n"}
,{"stream_name":"stderr","time":3190.576039625,"data":"warmup_ratio is deprecated and will be removed in v5.2. Use `warmup_steps` instead.\n"}
,{"stream_name":"stderr","time":3190.673829085,"data":"The following columns in the Training set don't have a corresponding argument in `DebertaV2ForTokenClassification.forward` and have been ignored: injected_email_context, ner_tags, n_tokens, n_per_spans, tokens, injected_email_multi_token, entity_density_bucket, injected_email_str, n_email_spans, injected_email_inserted_at. If injected_email_context, ner_tags, n_tokens, n_per_spans, tokens, injected_email_multi_token, entity_density_bucket, injected_email_str, n_email_spans, injected_email_inserted_at are not expected by `DebertaV2ForTokenClassification.forward`,  you can safely ignore this message.\n"}
,{"stream_name":"stderr","time":3190.67386382,"data":"\n"}
,{"stream_name":"stderr","time":3190.67386849,"data":"The following columns in the Training set don't have a corresponding argument in `DebertaV2ForTokenClassification.forward` and have been ignored: injected_email_context, ner_tags, n_tokens, n_per_spans, tokens, injected_email_multi_token, entity_density_bucket, injected_email_str, n_email_spans, injected_email_inserted_at. If injected_email_context, ner_tags, n_tokens, n_per_spans, tokens, injected_email_multi_token, entity_density_bucket, injected_email_str, n_email_spans, injected_email_inserted_at are not expected by `DebertaV2ForTokenClassification.forward`,  you can safely ignore this message.\n"}
,{"stream_name":"stdout","time":3190.678971151,"data":"LayerNorm fix applied: 102 keys remapped (gamma-\u003eweight, beta-\u003ebias)\n"}
,{"stream_name":"stderr","time":3191.193473403,"data":"The tokenizer has new PAD/BOS/EOS tokens that differ from the model config and generation config. The model config and generation config were aligned accordingly, being updated with the tokenizer's values. Updated tokens: {'eos_token_id': 2, 'bos_token_id': 1}.\n"}
,{"stream_name":"stderr","time":3191.193514811,"data":"\n"}
,{"stream_name":"stderr","time":3191.193520847,"data":"The tokenizer has new PAD/BOS/EOS tokens that differ from the model config and generation config. The model config and generation config were aligned accordingly, being updated with the tokenizer's values. Updated tokens: {'eos_token_id': 2, 'bos_token_id': 1}.\n"}
,{"stream_name":"stdout","time":3191.19441254,"data":"  Sanity: label range [0, 4], input_ids shape torch.Size([8, 256])\n"}
,{"stream_name":"stderr","time":3191.268768763,"data":"The following columns in the Training set don't have a corresponding argument in `DebertaV2ForTokenClassification.forward` and have been ignored: injected_email_context, ner_tags, n_tokens, n_per_spans, tokens, injected_email_multi_token, entity_density_bucket, injected_email_str, n_email_spans, injected_email_inserted_at. If injected_email_context, ner_tags, n_tokens, n_per_spans, tokens, injected_email_multi_token, entity_density_bucket, injected_email_str, n_email_spans, injected_email_inserted_at are not expected by `DebertaV2ForTokenClassification.forward`,  you can safely ignore this message.\n"}
,{"stream_name":"stderr","time":3191.268808305,"data":"\n"}
,{"stream_name":"stderr","time":3191.268813862,"data":"The following columns in the Training set don't have a corresponding argument in `DebertaV2ForTokenClassification.forward` and have been ignored: injected_email_context, ner_tags, n_tokens, n_per_spans, tokens, injected_email_multi_token, entity_density_bucket, injected_email_str, n_email_spans, injected_email_inserted_at. If injected_email_context, ner_tags, n_tokens, n_per_spans, tokens, injected_email_multi_token, entity_density_bucket, injected_email_str, n_email_spans, injected_email_inserted_at are not expected by `DebertaV2ForTokenClassification.forward`,  you can safely ignore this message.\n"}
,{"stream_name":"stderr","time":3191.279233824,"data":"***** Running training *****\n"}
,{"stream_name":"stderr","time":3191.279285853,"data":"\n"}
,{"stream_name":"stderr","time":3191.279291753,"data":"***** Running training *****\n"}
,{"stream_name":"stderr","time":3191.280163103,"data":"  Num examples = 24,238\n"}
,{"stream_name":"stderr","time":3191.280179047,"data":"\n"}
,{"stream_name":"stderr","time":3191.280183438,"data":"  Num examples = 24,238\n"}
,{"stream_name":"stderr","time":3191.281134748,"data":"  Num Epochs = 5\n"}
,{"stream_name":"stderr","time":3191.281155963,"data":"\n"}
,{"stream_name":"stderr","time":3191.281160762,"data":"  Num Epochs = 5\n"}
,{"stream_name":"stderr","time":3191.282246327,"data":"  Instantaneous batch size per device = 8\n"}
,{"stream_name":"stderr","time":3191.282292032,"data":"\n"}
,{"stream_name":"stderr","time":3191.282300891,"data":"  Instantaneous batch size per device = 8\n"}
,{"stream_name":"stderr","time":3191.283249627,"data":"  Total train batch size (w. parallel, distributed \u0026 accumulation) = 16\n"}
,{"stream_name":"stderr","time":3191.283283179,"data":"\n"}
,{"stream_name":"stderr","time":3191.283288617,"data":"  Total train batch size (w. parallel, distributed \u0026 accumulation) = 16\n"}
,{"stream_name":"stderr","time":3191.284270593,"data":"  Gradient Accumulation steps = 2\n"}
,{"stream_name":"stderr","time":3191.284287713,"data":"\n"}
,{"stream_name":"stderr","time":3191.284292112,"data":"  Gradient Accumulation steps = 2\n"}
,{"stream_name":"stderr","time":3191.285115509,"data":"  Total optimization steps = 7,575\n"}
,{"stream_name":"stderr","time":3191.285127478,"data":"\n"}
,{"stream_name":"stderr","time":3191.285132391,"data":"  Total optimization steps = 7,575\n"}
,{"stream_name":"stderr","time":3191.28598638,"data":"  Number of trainable parameters = 141,308,165\n"}
,{"stream_name":"stderr","time":3191.286005198,"data":"\n"}
,{"stream_name":"stderr","time":3191.286009898,"data":"  Number of trainable parameters = 141,308,165\n"}
,{"stream_name":"stdout","time":3201.355184629,"data":"{'loss': '3.21', 'grad_norm': '34.91', 'learning_rate': '3.232e-07', 'epoch': '0.033'}\n"}
,{"stream_name":"stdout","time":3211.102886178,"data":"{'loss': '2.271', 'grad_norm': '9.219', 'learning_rate': '6.53e-07', 'epoch': '0.06601'}\n"}
,{"stream_name":"stdout","time":3220.85929588,"data":"{'loss': '1.902', 'grad_norm': '18', 'learning_rate': '9.828e-07', 'epoch': '0.09901'}\n"}
,{"stream_name":"stdout","time":3230.420722493,"data":"{'loss': '1.531', 'grad_norm': '11.38', 'learning_rate': '1.313e-06', 'epoch': '0.132'}\n"}
,{"stream_name":"stdout","time":3239.968550152,"data":"{'loss': '1.298', 'grad_norm': '13.92', 'learning_rate': '1.642e-06', 'epoch': '0.165'}\n"}
,{"stream_name":"stdout","time":3249.526678552,"data":"{'loss': '1.05', 'grad_norm': '7.488', 'learning_rate': '1.972e-06', 'epoch': '0.198'}\n"}
,{"stream_name":"stdout","time":3259.075547355,"data":"{'loss': '0.8041', 'grad_norm': '5.543', 'learning_rate': '2.302e-06', 'epoch': '0.231'}\n"}
,{"stream_name":"stdout","time":3268.586844261,"data":"{'loss': '0.6971', 'grad_norm': '4.078', 'learning_rate': '2.632e-06', 'epoch': '0.264'}\n"}
,{"stream_name":"stdout","time":3278.077086918,"data":"{'loss': '0.5466', 'grad_norm': '5.234', 'learning_rate': '2.962e-06', 'epoch': '0.297'}\n"}
,{"stream_name":"stdout","time":3287.669830034,"data":"{'loss': '0.4656', 'grad_norm': '3.887', 'learning_rate': '3.292e-06', 'epoch': '0.33'}\n"}
,{"stream_name":"stdout","time":3297.353432966,"data":"{'loss': '0.4105', 'grad_norm': '2.732', 'learning_rate': '3.621e-06', 'epoch': '0.363'}\n"}
,{"stream_name":"stdout","time":3306.872926563,"data":"{'loss': '0.3674', 'grad_norm': '3.895', 'learning_rate': '3.951e-06', 'epoch': '0.396'}\n"}
,{"stream_name":"stdout","time":3316.36804804,"data":"{'loss': '0.3255', 'grad_norm': '2.65', 'learning_rate': '4.281e-06', 'epoch': '0.429'}\n"}
,{"stream_name":"stdout","time":3325.868289543,"data":"{'loss': '0.2894', 'grad_norm': '2.367', 'learning_rate': '4.611e-06', 'epoch': '0.462'}\n"}
,{"stream_name":"stdout","time":3335.416309996,"data":"{'loss': '0.2782', 'grad_norm': '3.182', 'learning_rate': '4.941e-06', 'epoch': '0.495'}\n"}
,{"stream_name":"stdout","time":3344.953912439,"data":"{'loss': '0.2376', 'grad_norm': '4.395', 'learning_rate': '4.97e-06', 'epoch': '0.5281'}\n"}
,{"stream_name":"stdout","time":3354.471013358,"data":"{'loss': '0.2309', 'grad_norm': '3.373', 'learning_rate': '4.933e-06', 'epoch': '0.5611'}\n"}
,{"stream_name":"stdout","time":3363.951187348,"data":"{'loss': '0.2451', 'grad_norm': '2.059', 'learning_rate': '4.897e-06', 'epoch': '0.5941'}\n"}
,{"stream_name":"stdout","time":3373.439830504,"data":"{'loss': '0.2267', 'grad_norm': '4.039', 'learning_rate': '4.86e-06', 'epoch': '0.6271'}\n"}
,{"stream_name":"stdout","time":3382.928265283,"data":"{'loss': '0.2109', 'grad_norm': '1.066', 'learning_rate': '4.823e-06', 'epoch': '0.6601'}\n"}
,{"stream_name":"stdout","time":3392.431294856,"data":"{'loss': '0.1789', 'grad_norm': '1.354', 'learning_rate': '4.787e-06', 'epoch': '0.6931'}\n"}
,{"stream_name":"stdout","time":3402.037680342,"data":"{'loss': '0.1636', 'grad_norm': '3.086', 'learning_rate': '4.75e-06', 'epoch': '0.7261'}\n"}
,{"stream_name":"stdout","time":3411.680327202,"data":"{'loss': '0.1598', 'grad_norm': '1.324', 'learning_rate': '4.713e-06', 'epoch': '0.7591'}\n"}
,{"stream_name":"stdout","time":3421.247333384,"data":"{'loss': '0.1408', 'grad_norm': '0.6753', 'learning_rate': '4.677e-06', 'epoch': '0.7921'}\n"}
,{"stream_name":"stdout","time":3430.845068185,"data":"{'loss': '0.1666', 'grad_norm': '3.236', 'learning_rate': '4.64e-06', 'epoch': '0.8251'}\n"}
,{"stream_name":"stdout","time":3440.469479712,"data":"{'loss': '0.1292', 'grad_norm': '0.9609', 'learning_rate': '4.603e-06', 'epoch': '0.8581'}\n"}
,{"stream_name":"stdout","time":3450.095777458,"data":"{'loss': '0.1251', 'grad_norm': '2.396', 'learning_rate': '4.567e-06', 'epoch': '0.8911'}\n"}
,{"stream_name":"stdout","time":3459.670679665,"data":"{'loss': '0.1204', 'grad_norm': '1.243', 'learning_rate': '4.53e-06', 'epoch': '0.9241'}\n"}
,{"stream_name":"stdout","time":3469.274596142,"data":"{'loss': '0.1355', 'grad_norm': '1.621', 'learning_rate': '4.493e-06', 'epoch': '0.9571'}\n"}
,{"stream_name":"stdout","time":3478.863626065,"data":"{'loss': '0.135', 'grad_norm': '3.121', 'learning_rate': '4.457e-06', 'epoch': '0.9901'}\n"}
,{"stream_name":"stderr","time":3481.536371379,"data":"The following columns in the Evaluation set don't have a corresponding argument in `DebertaV2ForTokenClassification.forward` and have been ignored: injected_email_context, ner_tags, n_tokens, n_per_spans, tokens, injected_email_multi_token, entity_density_bucket, injected_email_str, n_email_spans, injected_email_inserted_at. If injected_email_context, ner_tags, n_tokens, n_per_spans, tokens, injected_email_multi_token, entity_density_bucket, injected_email_str, n_email_spans, injected_email_inserted_at are not expected by `DebertaV2ForTokenClassification.forward`,  you can safely ignore this message.\n"}
,{"stream_name":"stderr","time":3481.536417324,"data":"\n"}
,{"stream_name":"stderr","time":3481.536424536,"data":"The following columns in the Evaluation set don't have a corresponding argument in `DebertaV2ForTokenClassification.forward` and have been ignored: injected_email_context, ner_tags, n_tokens, n_per_spans, tokens, injected_email_multi_token, entity_density_bucket, injected_email_str, n_email_spans, injected_email_inserted_at. If injected_email_context, ner_tags, n_tokens, n_per_spans, tokens, injected_email_multi_token, entity_density_bucket, injected_email_str, n_email_spans, injected_email_inserted_at are not expected by `DebertaV2ForTokenClassification.forward`,  you can safely ignore this message.\n"}
,{"stream_name":"stderr","time":3481.536772906,"data":"\n"}
,{"stream_name":"stderr","time":3481.536795012,"data":"***** Running Evaluation *****\n"}
,{"stream_name":"stderr","time":3481.536802056,"data":"\n"}
,{"stream_name":"stderr","time":3481.536807031,"data":"\n"}
,{"stream_name":"stderr","time":3481.536812252,"data":"***** Running Evaluation *****\n"}
,{"stream_name":"stderr","time":3481.53793851,"data":"  Num examples = 4278\n"}
,{"stream_name":"stderr","time":3481.537960294,"data":"\n"}
,{"stream_name":"stderr","time":3481.537966911,"data":"  Num examples = 4278\n"}
,{"stream_name":"stderr","time":3481.539104591,"data":"  Batch size = 32\n"}
,{"stream_name":"stderr","time":3481.539125157,"data":"\n"}
,{"stream_name":"stderr","time":3481.539131461,"data":"  Batch size = 32\n"}
,{"stream_name":"stderr","time":3497.408005742,"data":"Saving model checkpoint to /kaggle/working/deberta_seed7/checkpoint-1515\n"}
,{"stream_name":"stderr","time":3497.408076739,"data":"\n"}
,{"stream_name":"stderr","time":3497.408081546,"data":"Saving model checkpoint to /kaggle/working/deberta_seed7/checkpoint-1515\n"}
,{"stream_name":"stderr","time":3497.411005167,"data":"Configuration saved in /kaggle/working/deberta_seed7/checkpoint-1515/config.json\n"}
,{"stream_name":"stderr","time":3497.411030358,"data":"\n"}
,{"stream_name":"stderr","time":3497.411035758,"data":"Configuration saved in /kaggle/working/deberta_seed7/checkpoint-1515/config.json\n"}
,{"stream_name":"stdout","time":3497.429267606,"data":"{'eval_overall_f1': '0.8675', 'eval_per_f1': '0.8169', 'eval_email_f1': '0.9918', 'eval_token_fpr': '0.01508', 'eval_token_fnr': '0.01928', 'eval_loss': '0.05206', 'eval_runtime': '15.9', 'eval_samples_per_second': '269.1', 'eval_steps_per_second': '8.428', 'epoch': '1'}\n"}
,{"stream_name":"stderr","time":3498.033160831,"data":"Model weights saved in /kaggle/working/deberta_seed7/checkpoint-1515/model.safetensors\n"}
,{"stream_name":"stderr","time":3498.033191621,"data":"\n"}
,{"stream_name":"stderr","time":3498.033196473,"data":"Model weights saved in /kaggle/working/deberta_seed7/checkpoint-1515/model.safetensors\n"}
,{"stream_name":"stderr","time":3498.238869012,"data":"tokenizer config file saved in /kaggle/working/deberta_seed7/checkpoint-1515/tokenizer_config.json\n"}
,{"stream_name":"stderr","time":3498.238905195,"data":"\n"}
,{"stream_name":"stderr","time":3498.238910052,"data":"tokenizer config file saved in /kaggle/working/deberta_seed7/checkpoint-1515/tokenizer_config.json\n"}
,{"stream_name":"stdout","time":3506.070750667,"data":"{'loss': '0.1009', 'grad_norm': '1.044', 'learning_rate': '4.42e-06', 'epoch': '1.023'}\n"}
,{"stream_name":"stdout","time":3515.595048901,"data":"{'loss': '0.09211', 'grad_norm': '2.996', 'learning_rate': '4.383e-06', 'epoch': '1.056'}\n"}
,{"stream_name":"stdout","time":3525.209154997,"data":"{'loss': '0.08548', 'grad_norm': '0.8701', 'learning_rate': '4.346e-06', 'epoch': '1.089'}\n"}
,{"stream_name":"stdout","time":3534.893121662,"data":"{'loss': '0.08019', 'grad_norm': '1.082', 'learning_rate': '4.31e-06', 'epoch': '1.122'}\n"}
,{"stream_name":"stdout","time":3544.538012196,"data":"{'loss': '0.09595', 'grad_norm': '1.51', 'learning_rate': '4.273e-06', 'epoch': '1.155'}\n"}
,{"stream_name":"stdout","time":3554.173850047,"data":"{'loss': '0.08857', 'grad_norm': '1.315', 'learning_rate': '4.236e-06', 'epoch': '1.188'}\n"}
,{"stream_name":"stdout","time":3563.609220088,"data":"{'loss': '0.09326', 'grad_norm': '0.4207', 'learning_rate': '4.2e-06', 'epoch': '1.221'}\n"}
,{"stream_name":"stdout","time":3573.126061427,"data":"{'loss': '0.1028', 'grad_norm': '0.6587', 'learning_rate': '4.163e-06', 'epoch': '1.254'}\n"}
,{"stream_name":"stdout","time":3582.638758648,"data":"{'loss': '0.07673', 'grad_norm': '1.399', 'learning_rate': '4.126e-06', 'epoch': '1.287'}\n"}
,{"stream_name":"stdout","time":3592.192620947,"data":"{'loss': '0.08513', 'grad_norm': '0.8091', 'learning_rate': '4.09e-06', 'epoch': '1.32'}\n"}
,{"stream_name":"stdout","time":3601.635680314,"data":"{'loss': '0.08187', 'grad_norm': '2.875', 'learning_rate': '4.053e-06', 'epoch': '1.353'}\n"}
,{"stream_name":"stdout","time":3611.198219054,"data":"{'loss': '0.07669', 'grad_norm': '1.381', 'learning_rate': '4.016e-06', 'epoch': '1.386'}\n"}
,{"stream_name":"stdout","time":3620.740186738,"data":"{'loss': '0.08725', 'grad_norm': '1.729', 'learning_rate': '3.98e-06', 'epoch': '1.419'}\n"}
,{"stream_name":"stdout","time":3630.383287069,"data":"{'loss': '0.09263', 'grad_norm': '1.01', 'learning_rate': '3.943e-06', 'epoch': '1.452'}\n"}
,{"stream_name":"stdout","time":3639.943406237,"data":"{'loss': '0.08334', 'grad_norm': '0.7891', 'learning_rate': '3.906e-06', 'epoch': '1.485'}\n"}
,{"stream_name":"stdout","time":3649.528679805,"data":"{'loss': '0.07877', 'grad_norm': '0.8193', 'learning_rate': '3.87e-06', 'epoch': '1.518'}\n"}
,{"stream_name":"stdout","time":3659.072873588,"data":"{'loss': '0.07545', 'grad_norm': '1.212', 'learning_rate': '3.833e-06', 'epoch': '1.551'}\n"}
,{"stream_name":"stdout","time":3668.702867855,"data":"{'loss': '0.06869', 'grad_norm': '1.202', 'learning_rate': '3.796e-06', 'epoch': '1.584'}\n"}
,{"stream_name":"stdout","time":3678.213601524,"data":"{'loss': '0.08228', 'grad_norm': '1.003', 'learning_rate': '3.76e-06', 'epoch': '1.617'}\n"}
,{"stream_name":"stdout","time":3687.746401827,"data":"{'loss': '0.06521', 'grad_norm': '1.415', 'learning_rate': '3.723e-06', 'epoch': '1.65'}\n"}
,{"stream_name":"stdout","time":3697.231602259,"data":"{'loss': '0.07267', 'grad_norm': '0.5356', 'learning_rate': '3.686e-06', 'epoch': '1.683'}\n"}
,{"stream_name":"stdout","time":3706.815360123,"data":"{'loss': '0.06956', 'grad_norm': '1.399', 'learning_rate': '3.65e-06', 'epoch': '1.716'}\n"}
,{"stream_name":"stdout","time":3716.313497373,"data":"{'loss': '0.07629', 'grad_norm': '0.2114', 'learning_rate': '3.613e-06', 'epoch': '1.749'}\n"}
,{"stream_name":"stdout","time":3725.800904342,"data":"{'loss': '0.05651', 'grad_norm': '0.8921', 'learning_rate': '3.576e-06', 'epoch': '1.782'}\n"}
,{"stream_name":"stdout","time":3735.350977298,"data":"{'loss': '0.07235', 'grad_norm': '1.864', 'learning_rate': '3.54e-06', 'epoch': '1.815'}\n"}
,{"stream_name":"stdout","time":3744.912879762,"data":"{'loss': '0.06696', 'grad_norm': '1.161', 'learning_rate': '3.503e-06', 'epoch': '1.848'}\n"}
,{"stream_name":"stdout","time":3754.422594599,"data":"{'loss': '0.06802', 'grad_norm': '1.074', 'learning_rate': '3.466e-06', 'epoch': '1.881'}\n"}
,{"stream_name":"stdout","time":3763.99644501,"data":"{'loss': '0.06153', 'grad_norm': '1.46', 'learning_rate': '3.43e-06', 'epoch': '1.914'}\n"}
,{"stream_name":"stdout","time":3773.559154642,"data":"{'loss': '0.06873', 'grad_norm': '1.794', 'learning_rate': '3.393e-06', 'epoch': '1.947'}\n"}
,{"stream_name":"stdout","time":3783.182207893,"data":"{'loss': '0.07985', 'grad_norm': '1.828', 'learning_rate': '3.356e-06', 'epoch': '1.98'}\n"}
,{"stream_name":"stderr","time":3788.629287608,"data":"The following columns in the Evaluation set don't have a corresponding argument in `DebertaV2ForTokenClassification.forward` and have been ignored: injected_email_context, ner_tags, n_tokens, n_per_spans, tokens, injected_email_multi_token, entity_density_bucket, injected_email_str, n_email_spans, injected_email_inserted_at. If injected_email_context, ner_tags, n_tokens, n_per_spans, tokens, injected_email_multi_token, entity_density_bucket, injected_email_str, n_email_spans, injected_email_inserted_at are not expected by `DebertaV2ForTokenClassification.forward`,  you can safely ignore this message.\n"}
,{"stream_name":"stderr","time":3788.62933808,"data":"\n"}
,{"stream_name":"stderr","time":3788.629344796,"data":"The following columns in the Evaluation set don't have a corresponding argument in `DebertaV2ForTokenClassification.forward` and have been ignored: injected_email_context, ner_tags, n_tokens, n_per_spans, tokens, injected_email_multi_token, entity_density_bucket, injected_email_str, n_email_spans, injected_email_inserted_at. If injected_email_context, ner_tags, n_tokens, n_per_spans, tokens, injected_email_multi_token, entity_density_bucket, injected_email_str, n_email_spans, injected_email_inserted_at are not expected by `DebertaV2ForTokenClassification.forward`,  you can safely ignore this message.\n"}
,{"stream_name":"stderr","time":3788.636399545,"data":"\n"}
,{"stream_name":"stderr","time":3788.636431275,"data":"***** Running Evaluation *****\n"}
,{"stream_name":"stderr","time":3788.636437788,"data":"\n"}
,{"stream_name":"stderr","time":3788.636459246,"data":"\n"}
,{"stream_name":"stderr","time":3788.636463447,"data":"***** Running Evaluation *****\n"}
,{"stream_name":"stderr","time":3788.637622588,"data":"  Num examples = 4278\n"}
,{"stream_name":"stderr","time":3788.637644744,"data":"\n"}
,{"stream_name":"stderr","time":3788.637649868,"data":"  Num examples = 4278\n"}
,{"stream_name":"stderr","time":3788.638520744,"data":"  Batch size = 32\n"}
,{"stream_name":"stderr","time":3788.638547269,"data":"\n"}
,{"stream_name":"stderr","time":3788.638552838,"data":"  Batch size = 32\n"}
,{"stream_name":"stderr","time":3804.476630653,"data":"Saving model checkpoint to /kaggle/working/deberta_seed7/checkpoint-3030\n"}
,{"stream_name":"stderr","time":3804.476681394,"data":"\n"}
,{"stream_name":"stderr","time":3804.476686692,"data":"Saving model checkpoint to /kaggle/working/deberta_seed7/checkpoint-3030\n"}
,{"stream_name":"stderr","time":3804.479509566,"data":"Configuration saved in /kaggle/working/deberta_seed7/checkpoint-3030/config.json\n"}
,{"stream_name":"stderr","time":3804.479548408,"data":"\n"}
,{"stream_name":"stderr","time":3804.47955317,"data":"Configuration saved in /kaggle/working/deberta_seed7/checkpoint-3030/config.json\n"}
,{"stream_name":"stdout","time":3804.498337352,"data":"{'eval_overall_f1': '0.9317', 'eval_per_f1': '0.9049', 'eval_email_f1': '0.9959', 'eval_token_fpr': '0.01108', 'eval_token_fnr': '0.01232', 'eval_loss': '0.03973', 'eval_runtime': '15.84', 'eval_samples_per_second': '270.1', 'eval_steps_per_second': '8.46', 'epoch': '2'}\n"}
,{"stream_name":"stderr","time":3805.106355451,"data":"Model weights saved in /kaggle/working/deberta_seed7/checkpoint-3030/model.safetensors\n"}
,{"stream_name":"stderr","time":3805.106392754,"data":"\n"}
,{"stream_name":"stderr","time":3805.106400093,"data":"Model weights saved in /kaggle/working/deberta_seed7/checkpoint-3030/model.safetensors\n"}
,{"stream_name":"stderr","time":3805.107376557,"data":"tokenizer config file saved in /kaggle/working/deberta_seed7/checkpoint-3030/tokenizer_config.json\n"}
,{"stream_name":"stderr","time":3805.107412239,"data":"\n"}
,{"stream_name":"stderr","time":3805.10741986,"data":"tokenizer config file saved in /kaggle/working/deberta_seed7/checkpoint-3030/tokenizer_config.json\n"}
,{"stream_name":"stderr","time":3806.080200854,"data":"Deleting older checkpoint [/kaggle/working/deberta_seed7/checkpoint-1515] due to args.save_total_limit\n"}
,{"stream_name":"stderr","time":3806.080232901,"data":"\n"}
,{"stream_name":"stderr","time":3806.080239413,"data":"Deleting older checkpoint [/kaggle/working/deberta_seed7/checkpoint-1515] due to args.save_total_limit\n"}
,{"stream_name":"stdout","time":3810.401576402,"data":"{'loss': '0.0625', 'grad_norm': '1.917', 'learning_rate': '3.32e-06', 'epoch': '2.013'}\n"}
,{"stream_name":"stdout","time":3819.961674584,"data":"{'loss': '0.04764', 'grad_norm': '2.016', 'learning_rate': '3.283e-06', 'epoch': '2.046'}\n"}
,{"stream_name":"stdout","time":3829.496971022,"data":"{'loss': '0.04145', 'grad_norm': '1.039', 'learning_rate': '3.246e-06', 'epoch': '2.079'}\n"}
,{"stream_name":"stdout","time":3839.173813001,"data":"{'loss': '0.04755', 'grad_norm': '0.1576', 'learning_rate': '3.21e-06', 'epoch': '2.112'}\n"}
,{"stream_name":"stdout","time":3848.852062332,"data":"{'loss': '0.03943', 'grad_norm': '0.8374', 'learning_rate': '3.173e-06', 'epoch': '2.145'}\n"}
,{"stream_name":"stdout","time":3858.415328859,"data":"{'loss': '0.04112', 'grad_norm': '0.708', 'learning_rate': '3.136e-06', 'epoch': '2.178'}\n"}
,{"stream_name":"stdout","time":3867.85731091,"data":"{'loss': '0.04153', 'grad_norm': '2.75', 'learning_rate': '3.1e-06', 'epoch': '2.211'}\n"}
,{"stream_name":"stdout","time":3877.371278368,"data":"{'loss': '0.04918', 'grad_norm': '0.1417', 'learning_rate': '3.063e-06', 'epoch': '2.244'}\n"}
,{"stream_name":"stdout","time":3886.911120836,"data":"{'loss': '0.04303', 'grad_norm': '0.1996', 'learning_rate': '3.026e-06', 'epoch': '2.277'}\n"}
,{"stream_name":"stdout","time":3896.489465678,"data":"{'loss': '0.03824', 'grad_norm': '0.9463', 'learning_rate': '2.99e-06', 'epoch': '2.31'}\n"}
,{"stream_name":"stdout","time":3906.013673815,"data":"{'loss': '0.0331', 'grad_norm': '0.6436', 'learning_rate': '2.953e-06', 'epoch': '2.343'}\n"}
,{"stream_name":"stdout","time":3915.623932718,"data":"{'loss': '0.03952', 'grad_norm': '0.4087', 'learning_rate': '2.916e-06', 'epoch': '2.376'}\n"}
,{"stream_name":"stdout","time":3925.221761945,"data":"{'loss': '0.04295', 'grad_norm': '0.5645', 'learning_rate': '2.88e-06', 'epoch': '2.409'}\n"}
,{"stream_name":"stdout","time":3934.868052058,"data":"{'loss': '0.04749', 'grad_norm': '0.6284', 'learning_rate': '2.843e-06', 'epoch': '2.442'}\n"}
,{"stream_name":"stdout","time":3944.388968456,"data":"{'loss': '0.03486', 'grad_norm': '0.1672', 'learning_rate': '2.806e-06', 'epoch': '2.475'}\n"}
,{"stream_name":"stdout","time":3953.953293042,"data":"{'loss': '0.03945', 'grad_norm': '0.2305', 'learning_rate': '2.77e-06', 'epoch': '2.508'}\n"}
,{"stream_name":"stdout","time":3963.472947769,"data":"{'loss': '0.03782', 'grad_norm': '0.24', 'learning_rate': '2.733e-06', 'epoch': '2.541'}\n"}
,{"stream_name":"stdout","time":3973.098358281,"data":"{'loss': '0.03433', 'grad_norm': '0.3782', 'learning_rate': '2.696e-06', 'epoch': '2.574'}\n"}
,{"stream_name":"stdout","time":3982.568029961,"data":"{'loss': '0.03525', 'grad_norm': '2.059', 'learning_rate': '2.66e-06', 'epoch': '2.607'}\n"}
,{"stream_name":"stdout","time":3992.128722242,"data":"{'loss': '0.03642', 'grad_norm': '1.041', 'learning_rate': '2.623e-06', 'epoch': '2.64'}\n"}
,{"stream_name":"stdout","time":4001.697592458,"data":"{'loss': '0.03327', 'grad_norm': '0.9023', 'learning_rate': '2.586e-06', 'epoch': '2.673'}\n"}
,{"stream_name":"stdout","time":4011.293053872,"data":"{'loss': '0.03712', 'grad_norm': '0.4236', 'learning_rate': '2.55e-06', 'epoch': '2.706'}\n"}
,{"stream_name":"stdout","time":4020.77469024,"data":"{'loss': '0.03312', 'grad_norm': '0.7202', 'learning_rate': '2.513e-06', 'epoch': '2.739'}\n"}
,{"stream_name":"stdout","time":4030.27191074,"data":"{'loss': '0.04259', 'grad_norm': '0.7959', 'learning_rate': '2.476e-06', 'epoch': '2.772'}\n"}
,{"stream_name":"stdout","time":4039.820189431,"data":"{'loss': '0.02981', 'grad_norm': '0.0397', 'learning_rate': '2.439e-06', 'epoch': '2.805'}\n"}
,{"stream_name":"stdout","time":4049.384208549,"data":"{'loss': '0.03617', 'grad_norm': '0.4009', 'learning_rate': '2.403e-06', 'epoch': '2.838'}\n"}
,{"stream_name":"stdout","time":4058.856166714,"data":"{'loss': '0.03615', 'grad_norm': '0.7148', 'learning_rate': '2.366e-06', 'epoch': '2.871'}\n"}
,{"stream_name":"stdout","time":4068.333267048,"data":"{'loss': '0.03466', 'grad_norm': '0.4526', 'learning_rate': '2.329e-06', 'epoch': '2.904'}\n"}
,{"stream_name":"stdout","time":4077.817637348,"data":"{'loss': '0.03454', 'grad_norm': '0.3455', 'learning_rate': '2.293e-06', 'epoch': '2.937'}\n"}
,{"stream_name":"stdout","time":4087.378520672,"data":"{'loss': '0.0355', 'grad_norm': '0.5801', 'learning_rate': '2.256e-06', 'epoch': '2.97'}\n"}
,{"stream_name":"stderr","time":4095.666341203,"data":"The following columns in the Evaluation set don't have a corresponding argument in `DebertaV2ForTokenClassification.forward` and have been ignored: injected_email_context, ner_tags, n_tokens, n_per_spans, tokens, injected_email_multi_token, entity_density_bucket, injected_email_str, n_email_spans, injected_email_inserted_at. If injected_email_context, ner_tags, n_tokens, n_per_spans, tokens, injected_email_multi_token, entity_density_bucket, injected_email_str, n_email_spans, injected_email_inserted_at are not expected by `DebertaV2ForTokenClassification.forward`,  you can safely ignore this message.\n"}
,{"stream_name":"stderr","time":4095.666422545,"data":"\n"}
,{"stream_name":"stderr","time":4095.666429177,"data":"The following columns in the Evaluation set don't have a corresponding argument in `DebertaV2ForTokenClassification.forward` and have been ignored: injected_email_context, ner_tags, n_tokens, n_per_spans, tokens, injected_email_multi_token, entity_density_bucket, injected_email_str, n_email_spans, injected_email_inserted_at. If injected_email_context, ner_tags, n_tokens, n_per_spans, tokens, injected_email_multi_token, entity_density_bucket, injected_email_str, n_email_spans, injected_email_inserted_at are not expected by `DebertaV2ForTokenClassification.forward`,  you can safely ignore this message.\n"}
,{"stream_name":"stderr","time":4095.670761434,"data":"\n"}
,{"stream_name":"stderr","time":4095.67078231,"data":"***** Running Evaluation *****\n"}
,{"stream_name":"stderr","time":4095.670787448,"data":"\n"}
,{"stream_name":"stderr","time":4095.670791461,"data":"\n"}
,{"stream_name":"stderr","time":4095.670795646,"data":"***** Running Evaluation *****\n"}
,{"stream_name":"stderr","time":4095.671781538,"data":"  Num examples = 4278\n"}
,{"stream_name":"stderr","time":4095.671798352,"data":"\n"}
,{"stream_name":"stderr","time":4095.671804085,"data":"  Num examples = 4278\n"}
,{"stream_name":"stderr","time":4095.672922581,"data":"  Batch size = 32\n"}
,{"stream_name":"stderr","time":4095.672940451,"data":"\n"}
,{"stream_name":"stderr","time":4095.672944985,"data":"  Batch size = 32\n"}
,{"stream_name":"stderr","time":4111.46238769,"data":"Saving model checkpoint to /kaggle/working/deberta_seed7/checkpoint-4545\n"}
,{"stream_name":"stderr","time":4111.462430335,"data":"\n"}
,{"stream_name":"stderr","time":4111.46243832,"data":"Saving model checkpoint to /kaggle/working/deberta_seed7/checkpoint-4545\n"}
,{"stream_name":"stderr","time":4111.465833992,"data":"Configuration saved in /kaggle/working/deberta_seed7/checkpoint-4545/config.json\n"}
,{"stream_name":"stderr","time":4111.465874817,"data":"\n"}
,{"stream_name":"stderr","time":4111.465883968,"data":"Configuration saved in /kaggle/working/deberta_seed7/checkpoint-4545/config.json\n"}
,{"stream_name":"stdout","time":4111.485703988,"data":"{'eval_overall_f1': '0.9432', 'eval_per_f1': '0.9204', 'eval_email_f1': '0.9975', 'eval_token_fpr': '0.008955', 'eval_token_fnr': '0.01212', 'eval_loss': '0.03668', 'eval_runtime': '15.79', 'eval_samples_per_second': '270.9', 'eval_steps_per_second': '8.486', 'epoch': '3'}\n"}
,{"stream_name":"stderr","time":4112.09501535,"data":"Model weights saved in /kaggle/working/deberta_seed7/checkpoint-4545/model.safetensors\n"}
,{"stream_name":"stderr","time":4112.095054633,"data":"\n"}
,{"stream_name":"stderr","time":4112.09506114,"data":"Model weights saved in /kaggle/working/deberta_seed7/checkpoint-4545/model.safetensors\n"}
,{"stream_name":"stderr","time":4112.117853349,"data":"tokenizer config file saved in /kaggle/working/deberta_seed7/checkpoint-4545/tokenizer_config.json\n"}
,{"stream_name":"stderr","time":4112.117891777,"data":"\n"}
,{"stream_name":"stderr","time":4112.117898562,"data":"tokenizer config file saved in /kaggle/working/deberta_seed7/checkpoint-4545/tokenizer_config.json\n"}
,{"stream_name":"stderr","time":4113.045637517,"data":"Deleting older checkpoint [/kaggle/working/deberta_seed7/checkpoint-3030] due to args.save_total_limit\n"}
,{"stream_name":"stderr","time":4113.045669452,"data":"\n"}
,{"stream_name":"stderr","time":4113.045673582,"data":"Deleting older checkpoint [/kaggle/working/deberta_seed7/checkpoint-3030] due to args.save_total_limit\n"}
,{"stream_name":"stdout","time":4114.517993462,"data":"{'loss': '0.02842', 'grad_norm': '1.241', 'learning_rate': '2.219e-06', 'epoch': '3.003'}\n"}
,{"stream_name":"stdout","time":4124.007763185,"data":"{'loss': '0.01919', 'grad_norm': '0.469', 'learning_rate': '2.183e-06', 'epoch': '3.036'}\n"}
,{"stream_name":"stdout","time":4133.521408255,"data":"{'loss': '0.01819', 'grad_norm': '0.2184', 'learning_rate': '2.146e-06', 'epoch': '3.069'}\n"}
,{"stream_name":"stdout","time":4143.045051066,"data":"{'loss': '0.01795', 'grad_norm': '0.07916', 'learning_rate': '2.109e-06', 'epoch': '3.102'}\n"}
,{"stream_name":"stdout","time":4152.618496269,"data":"{'loss': '0.01654', 'grad_norm': '0.3992', 'learning_rate': '2.073e-06', 'epoch': '3.135'}\n"}
,{"stream_name":"stdout","time":4162.112153347,"data":"{'loss': '0.02012', 'grad_norm': '0.1659', 'learning_rate': '2.036e-06', 'epoch': '3.168'}\n"}
,{"stream_name":"stdout","time":4171.615921845,"data":"{'loss': '0.01745', 'grad_norm': '0.03928', 'learning_rate': '1.999e-06', 'epoch': '3.201'}\n"}
,{"stream_name":"stdout","time":4181.11353601,"data":"{'loss': '0.02397', 'grad_norm': '0.08948', 'learning_rate': '1.963e-06', 'epoch': '3.234'}\n"}
,{"stream_name":"stdout","time":4190.624020128,"data":"{'loss': '0.01827', 'grad_norm': '0.1229', 'learning_rate': '1.926e-06', 'epoch': '3.267'}\n"}
,{"stream_name":"stdout","time":4200.074708265,"data":"{'loss': '0.01333', 'grad_norm': '0.689', 'learning_rate': '1.889e-06', 'epoch': '3.3'}\n"}
,{"stream_name":"stdout","time":4209.502844581,"data":"{'loss': '0.02287', 'grad_norm': '2.848', 'learning_rate': '1.853e-06', 'epoch': '3.333'}\n"}
,{"stream_name":"stdout","time":4218.915048346,"data":"{'loss': '0.02881', 'grad_norm': '1.171', 'learning_rate': '1.816e-06', 'epoch': '3.366'}\n"}
,{"stream_name":"stdout","time":4228.462458971,"data":"{'loss': '0.02053', 'grad_norm': '0.1863', 'learning_rate': '1.779e-06', 'epoch': '3.399'}\n"}
,{"stream_name":"stdout","time":4238.051125262,"data":"{'loss': '0.02044', 'grad_norm': '0.06262', 'learning_rate': '1.743e-06', 'epoch': '3.432'}\n"}
,{"stream_name":"stdout","time":4247.532158466,"data":"{'loss': '0.02005', 'grad_norm': '0.07465', 'learning_rate': '1.706e-06', 'epoch': '3.465'}\n"}
,{"stream_name":"stdout","time":4257.049241712,"data":"{'loss': '0.0179', 'grad_norm': '0.6528', 'learning_rate': '1.669e-06', 'epoch': '3.498'}\n"}
,{"stream_name":"stdout","time":4266.535613917,"data":"{'loss': '0.01899', 'grad_norm': '0.813', 'learning_rate': '1.633e-06', 'epoch': '3.531'}\n"}
,{"stream_name":"stdout","time":4276.145726329,"data":"{'loss': '0.01617', 'grad_norm': '0.04053', 'learning_rate': '1.596e-06', 'epoch': '3.564'}\n"}
,{"stream_name":"stdout","time":4285.656992156,"data":"{'loss': '0.01538', 'grad_norm': '0.04282', 'learning_rate': '1.559e-06', 'epoch': '3.597'}\n"}
,{"stream_name":"stdout","time":4295.22730134,"data":"{'loss': '0.01974', 'grad_norm': '3.812', 'learning_rate': '1.523e-06', 'epoch': '3.63'}\n"}
,{"stream_name":"stdout","time":4304.777332363,"data":"{'loss': '0.01603', 'grad_norm': '0.3618', 'learning_rate': '1.486e-06', 'epoch': '3.663'}\n"}
,{"stream_name":"stdout","time":4314.415675812,"data":"{'loss': '0.02383', 'grad_norm': '0.4277', 'learning_rate': '1.449e-06', 'epoch': '3.696'}\n"}
,{"stream_name":"stdout","time":4323.905433368,"data":"{'loss': '0.01489', 'grad_norm': '0.3879', 'learning_rate': '1.413e-06', 'epoch': '3.729'}\n"}
,{"stream_name":"stdout","time":4333.460791799,"data":"{'loss': '0.01676', 'grad_norm': '0.771', 'learning_rate': '1.376e-06', 'epoch': '3.762'}\n"}
,{"stream_name":"stdout","time":4343.071139853,"data":"{'loss': '0.01661', 'grad_norm': '0.1227', 'learning_rate': '1.339e-06', 'epoch': '3.795'}\n"}
,{"stream_name":"stdout","time":4352.645554769,"data":"{'loss': '0.01405', 'grad_norm': '4.172', 'learning_rate': '1.303e-06', 'epoch': '3.828'}\n"}
,{"stream_name":"stdout","time":4362.125582911,"data":"{'loss': '0.02259', 'grad_norm': '1.265', 'learning_rate': '1.266e-06', 'epoch': '3.861'}\n"}
,{"stream_name":"stdout","time":4371.708782898,"data":"{'loss': '0.01665', 'grad_norm': '0.08667', 'learning_rate': '1.229e-06', 'epoch': '3.894'}\n"}
,{"stream_name":"stdout","time":4381.265174087,"data":"{'loss': '0.01452', 'grad_norm': '0.0896', 'learning_rate': '1.193e-06', 'epoch': '3.927'}\n"}
,{"stream_name":"stdout","time":4390.866190702,"data":"{'loss': '0.02353', 'grad_norm': '0.5952', 'learning_rate': '1.156e-06', 'epoch': '3.96'}\n"}
,{"stream_name":"stdout","time":4400.385058711,"data":"{'loss': '0.01585', 'grad_norm': '0.4509', 'learning_rate': '1.119e-06', 'epoch': '3.993'}\n"}
,{"stream_name":"stderr","time":4402.095882224,"data":"The following columns in the Evaluation set don't have a corresponding argument in `DebertaV2ForTokenClassification.forward` and have been ignored: injected_email_context, ner_tags, n_tokens, n_per_spans, tokens, injected_email_multi_token, entity_density_bucket, injected_email_str, n_email_spans, injected_email_inserted_at. If injected_email_context, ner_tags, n_tokens, n_per_spans, tokens, injected_email_multi_token, entity_density_bucket, injected_email_str, n_email_spans, injected_email_inserted_at are not expected by `DebertaV2ForTokenClassification.forward`,  you can safely ignore this message.\n"}
,{"stream_name":"stderr","time":4402.095948403,"data":"\n"}
,{"stream_name":"stderr","time":4402.09595637,"data":"The following columns in the Evaluation set don't have a corresponding argument in `DebertaV2ForTokenClassification.forward` and have been ignored: injected_email_context, ner_tags, n_tokens, n_per_spans, tokens, injected_email_multi_token, entity_density_bucket, injected_email_str, n_email_spans, injected_email_inserted_at. If injected_email_context, ner_tags, n_tokens, n_per_spans, tokens, injected_email_multi_token, entity_density_bucket, injected_email_str, n_email_spans, injected_email_inserted_at are not expected by `DebertaV2ForTokenClassification.forward`,  you can safely ignore this message.\n"}
,{"stream_name":"stderr","time":4402.103124776,"data":"\n"}
,{"stream_name":"stderr","time":4402.103163386,"data":"***** Running Evaluation *****\n"}
,{"stream_name":"stderr","time":4402.103170225,"data":"\n"}
,{"stream_name":"stderr","time":4402.103175704,"data":"\n"}
,{"stream_name":"stderr","time":4402.103181476,"data":"***** Running Evaluation *****\n"}
,{"stream_name":"stderr","time":4402.104054011,"data":"  Num examples = 4278\n"}
,{"stream_name":"stderr","time":4402.104079113,"data":"\n"}
,{"stream_name":"stderr","time":4402.104085148,"data":"  Num examples = 4278\n"}
,{"stream_name":"stderr","time":4402.105114795,"data":"  Batch size = 32\n"}
,{"stream_name":"stderr","time":4402.105134951,"data":"\n"}
,{"stream_name":"stderr","time":4402.105141624,"data":"  Batch size = 32\n"}
,{"stream_name":"stderr","time":4418.072651745,"data":"Saving model checkpoint to /kaggle/working/deberta_seed7/checkpoint-6060\n"}
,{"stream_name":"stderr","time":4418.072696652,"data":"\n"}
,{"stream_name":"stderr","time":4418.072701838,"data":"Saving model checkpoint to /kaggle/working/deberta_seed7/checkpoint-6060\n"}
,{"stream_name":"stderr","time":4418.075686305,"data":"Configuration saved in /kaggle/working/deberta_seed7/checkpoint-6060/config.json\n"}
,{"stream_name":"stderr","time":4418.075708178,"data":"\n"}
,{"stream_name":"stderr","time":4418.075714614,"data":"Configuration saved in /kaggle/working/deberta_seed7/checkpoint-6060/config.json\n"}
,{"stream_name":"stdout","time":4418.098253307,"data":"{'eval_overall_f1': '0.9513', 'eval_per_f1': '0.9312', 'eval_email_f1': '0.9986', 'eval_token_fpr': '0.00743', 'eval_token_fnr': '0.01201', 'eval_loss': '0.03448', 'eval_runtime': '15.97', 'eval_samples_per_second': '267.9', 'eval_steps_per_second': '8.392', 'epoch': '4'}\n"}
,{"stream_name":"stderr","time":4418.695723631,"data":"Model weights saved in /kaggle/working/deberta_seed7/checkpoint-6060/model.safetensors\n"}
,{"stream_name":"stderr","time":4418.695756758,"data":"\n"}
,{"stream_name":"stderr","time":4418.695760849,"data":"Model weights saved in /kaggle/working/deberta_seed7/checkpoint-6060/model.safetensors\n"}
,{"stream_name":"stderr","time":4418.898206179,"data":"tokenizer config file saved in /kaggle/working/deberta_seed7/checkpoint-6060/tokenizer_config.json\n"}
,{"stream_name":"stderr","time":4418.8982619,"data":"\n"}
,{"stream_name":"stderr","time":4418.89826859,"data":"tokenizer config file saved in /kaggle/working/deberta_seed7/checkpoint-6060/tokenizer_config.json\n"}
,{"stream_name":"stderr","time":4419.6626791,"data":"Deleting older checkpoint [/kaggle/working/deberta_seed7/checkpoint-4545] due to args.save_total_limit\n"}
,{"stream_name":"stderr","time":4419.662709172,"data":"\n"}
,{"stream_name":"stderr","time":4419.66271434,"data":"Deleting older checkpoint [/kaggle/working/deberta_seed7/checkpoint-4545] due to args.save_total_limit\n"}
,{"stream_name":"stdout","time":4427.835925382,"data":"{'loss': '0.007912', 'grad_norm': '0.03729', 'learning_rate': '1.083e-06', 'epoch': '4.026'}\n"}
,{"stream_name":"stdout","time":4437.390824332,"data":"{'loss': '0.007494', 'grad_norm': '0.1058', 'learning_rate': '1.046e-06', 'epoch': '4.059'}\n"}
,{"stream_name":"stdout","time":4447.048082955,"data":"{'loss': '0.007966', 'grad_norm': '0.07739', 'learning_rate': '1.009e-06', 'epoch': '4.092'}\n"}
,{"stream_name":"stdout","time":4456.677004898,"data":"{'loss': '0.009481', 'grad_norm': '0.2866', 'learning_rate': '9.726e-07', 'epoch': '4.125'}\n"}
,{"stream_name":"stdout","time":4466.210312807,"data":"{'loss': '0.01237', 'grad_norm': '0.6577', 'learning_rate': '9.359e-07', 'epoch': '4.158'}\n"}
,{"stream_name":"stdout","time":4475.600572641,"data":"{'loss': '0.009433', 'grad_norm': '0.7988', 'learning_rate': '8.992e-07', 'epoch': '4.191'}\n"}
,{"stream_name":"stdout","time":4485.035731978,"data":"{'loss': '0.009128', 'grad_norm': '0.02019', 'learning_rate': '8.625e-07', 'epoch': '4.224'}\n"}
,{"stream_name":"stdout","time":4494.500966971,"data":"{'loss': '0.01076', 'grad_norm': '0.02936', 'learning_rate': '8.259e-07', 'epoch': '4.257'}\n"}
,{"stream_name":"stdout","time":4504.073115178,"data":"{'loss': '0.01714', 'grad_norm': '0.03339', 'learning_rate': '7.892e-07', 'epoch': '4.29'}\n"}
,{"stream_name":"stdout","time":4513.56792866,"data":"{'loss': '0.009544', 'grad_norm': '0.1159', 'learning_rate': '7.525e-07', 'epoch': '4.323'}\n"}
,{"stream_name":"stdout","time":4523.090844696,"data":"{'loss': '0.01034', 'grad_norm': '0.2646', 'learning_rate': '7.159e-07', 'epoch': '4.356'}\n"}
,{"stream_name":"stdout","time":4532.649893144,"data":"{'loss': '0.01026', 'grad_norm': '0.07306', 'learning_rate': '6.792e-07', 'epoch': '4.389'}\n"}
,{"stream_name":"stdout","time":4542.287973388,"data":"{'loss': '0.009082', 'grad_norm': '0.02161', 'learning_rate': '6.425e-07', 'epoch': '4.422'}\n"}
,{"stream_name":"stdout","time":4551.809176011,"data":"{'loss': '0.008414', 'grad_norm': '0.04337', 'learning_rate': '6.058e-07', 'epoch': '4.455'}\n"}
,{"stream_name":"stdout","time":4561.391149507,"data":"{'loss': '0.01093', 'grad_norm': '0.02936', 'learning_rate': '5.692e-07', 'epoch': '4.488'}\n"}
,{"stream_name":"stdout","time":4570.919407797,"data":"{'loss': '0.01175', 'grad_norm': '0.5508', 'learning_rate': '5.325e-07', 'epoch': '4.521'}\n"}
,{"stream_name":"stdout","time":4580.452695726,"data":"{'loss': '0.01303', 'grad_norm': '0.04407', 'learning_rate': '4.958e-07', 'epoch': '4.554'}\n"}
,{"stream_name":"stdout","time":4589.973509966,"data":"{'loss': '0.006906', 'grad_norm': '0.7974', 'learning_rate': '4.591e-07', 'epoch': '4.587'}\n"}
,{"stream_name":"stdout","time":4599.495189127,"data":"{'loss': '0.009034', 'grad_norm': '0.3643', 'learning_rate': '4.225e-07', 'epoch': '4.62'}\n"}
,{"stream_name":"stdout","time":4609.040012077,"data":"{'loss': '0.006784', 'grad_norm': '0.05975', 'learning_rate': '3.858e-07', 'epoch': '4.653'}\n"}
,{"stream_name":"stdout","time":4618.575336714,"data":"{'loss': '0.008079', 'grad_norm': '0.08118', 'learning_rate': '3.491e-07', 'epoch': '4.686'}\n"}
,{"stream_name":"stdout","time":4628.052911422,"data":"{'loss': '0.005203', 'grad_norm': '0.07202', 'learning_rate': '3.125e-07', 'epoch': '4.719'}\n"}
,{"stream_name":"stdout","time":4637.575225507,"data":"{'loss': '0.01043', 'grad_norm': '0.1143', 'learning_rate': '2.758e-07', 'epoch': '4.752'}\n"}
,{"stream_name":"stdout","time":4647.018432013,"data":"{'loss': '0.009059', 'grad_norm': '0.03043', 'learning_rate': '2.391e-07', 'epoch': '4.785'}\n"}
,{"stream_name":"stdout","time":4656.545096112,"data":"{'loss': '0.006672', 'grad_norm': '1.303', 'learning_rate': '2.024e-07', 'epoch': '4.818'}\n"}
,{"stream_name":"stdout","time":4666.042097579,"data":"{'loss': '0.00839', 'grad_norm': '0.8955', 'learning_rate': '1.658e-07', 'epoch': '4.851'}\n"}
,{"stream_name":"stdout","time":4675.560114503,"data":"{'loss': '0.008777', 'grad_norm': '0.02022', 'learning_rate': '1.291e-07', 'epoch': '4.884'}\n"}
,{"stream_name":"stdout","time":4685.060225189,"data":"{'loss': '0.007354', 'grad_norm': '0.06329', 'learning_rate': '9.242e-08', 'epoch': '4.917'}\n"}
,{"stream_name":"stdout","time":4694.54695376,"data":"{'loss': '0.007372', 'grad_norm': '2.52', 'learning_rate': '5.574e-08', 'epoch': '4.95'}\n"}
,{"stream_name":"stdout","time":4703.940576185,"data":"{'loss': '0.0082', 'grad_norm': '0.7358', 'learning_rate': '1.907e-08', 'epoch': '4.983'}\n"}
,{"stream_name":"stderr","time":4708.422657772,"data":"The following columns in the Evaluation set don't have a corresponding argument in `DebertaV2ForTokenClassification.forward` and have been ignored: injected_email_context, ner_tags, n_tokens, n_per_spans, tokens, injected_email_multi_token, entity_density_bucket, injected_email_str, n_email_spans, injected_email_inserted_at. If injected_email_context, ner_tags, n_tokens, n_per_spans, tokens, injected_email_multi_token, entity_density_bucket, injected_email_str, n_email_spans, injected_email_inserted_at are not expected by `DebertaV2ForTokenClassification.forward`,  you can safely ignore this message.\n"}
,{"stream_name":"stderr","time":4708.422711327,"data":"\n"}
,{"stream_name":"stderr","time":4708.422719285,"data":"The following columns in the Evaluation set don't have a corresponding argument in `DebertaV2ForTokenClassification.forward` and have been ignored: injected_email_context, ner_tags, n_tokens, n_per_spans, tokens, injected_email_multi_token, entity_density_bucket, injected_email_str, n_email_spans, injected_email_inserted_at. If injected_email_context, ner_tags, n_tokens, n_per_spans, tokens, injected_email_multi_token, entity_density_bucket, injected_email_str, n_email_spans, injected_email_inserted_at are not expected by `DebertaV2ForTokenClassification.forward`,  you can safely ignore this message.\n"}
,{"stream_name":"stderr","time":4708.429862798,"data":"\n"}
,{"stream_name":"stderr","time":4708.429897966,"data":"***** Running Evaluation *****\n"}
,{"stream_name":"stderr","time":4708.429905353,"data":"\n"}
,{"stream_name":"stderr","time":4708.429914281,"data":"\n"}
,{"stream_name":"stderr","time":4708.429919993,"data":"***** Running Evaluation *****\n"}
,{"stream_name":"stderr","time":4708.43095842,"data":"  Num examples = 4278\n"}
,{"stream_name":"stderr","time":4708.4309768,"data":"\n"}
,{"stream_name":"stderr","time":4708.430981405,"data":"  Num examples = 4278\n"}
,{"stream_name":"stderr","time":4708.433030236,"data":"  Batch size = 32\n"}
,{"stream_name":"stderr","time":4708.433053078,"data":"\n"}
,{"stream_name":"stderr","time":4708.433058582,"data":"  Batch size = 32\n"}
,{"stream_name":"stderr","time":4724.376078464,"data":"Saving model checkpoint to /kaggle/working/deberta_seed7/checkpoint-7575\n"}
,{"stream_name":"stderr","time":4724.376129301,"data":"\n"}
,{"stream_name":"stderr","time":4724.376137991,"data":"Saving model checkpoint to /kaggle/working/deberta_seed7/checkpoint-7575\n"}
,{"stream_name":"stderr","time":4724.379334345,"data":"Configuration saved in /kaggle/working/deberta_seed7/checkpoint-7575/config.json\n"}
,{"stream_name":"stderr","time":4724.379360861,"data":"\n"}
,{"stream_name":"stderr","time":4724.379367681,"data":"Configuration saved in /kaggle/working/deberta_seed7/checkpoint-7575/config.json\n"}
,{"stream_name":"stdout","time":4724.400185596,"data":"{'eval_overall_f1': '0.9519', 'eval_per_f1': '0.9321', 'eval_email_f1': '0.9984', 'eval_token_fpr': '0.007358', 'eval_token_fnr': '0.01161', 'eval_loss': '0.03842', 'eval_runtime': '15.95', 'eval_samples_per_second': '268.3', 'eval_steps_per_second': '8.404', 'epoch': '5'}\n"}
,{"stream_name":"stderr","time":4725.031619423,"data":"Model weights saved in /kaggle/working/deberta_seed7/checkpoint-7575/model.safetensors\n"}
,{"stream_name":"stderr","time":4725.031664613,"data":"\n"}
,{"stream_name":"stderr","time":4725.031672337,"data":"Model weights saved in /kaggle/working/deberta_seed7/checkpoint-7575/model.safetensors\n"}
,{"stream_name":"stderr","time":4725.032559917,"data":"tokenizer config file saved in /kaggle/working/deberta_seed7/checkpoint-7575/tokenizer_config.json\n"}
,{"stream_name":"stderr","time":4725.0325964,"data":"\n"}
,{"stream_name":"stderr","time":4725.032604515,"data":"tokenizer config file saved in /kaggle/working/deberta_seed7/checkpoint-7575/tokenizer_config.json\n"}
,{"stream_name":"stderr","time":4725.944200587,"data":"Deleting older checkpoint [/kaggle/working/deberta_seed7/checkpoint-6060] due to args.save_total_limit\n"}
,{"stream_name":"stderr","time":4725.944294554,"data":"\n"}
,{"stream_name":"stderr","time":4725.94431801,"data":"Deleting older checkpoint [/kaggle/working/deberta_seed7/checkpoint-6060] due to args.save_total_limit\n"}
,{"stream_name":"stderr","time":4726.077529576,"data":"\n"}
,{"stream_name":"stderr","time":4726.07756749,"data":"\n"}
,{"stream_name":"stderr","time":4726.077572558,"data":"Training completed. Do not forget to share your model on huggingface.co/models =)\n"}
,{"stream_name":"stderr","time":4726.077576498,"data":"\n"}
,{"stream_name":"stderr","time":4726.0775799,"data":"\n"}
,{"stream_name":"stderr","time":4726.077583314,"data":"\n"}
,{"stream_name":"stderr","time":4726.07758672,"data":"\n"}
,{"stream_name":"stderr","time":4726.077590283,"data":"\n"}
,{"stream_name":"stderr","time":4726.07759441,"data":"Training completed. Do not forget to share your model on huggingface.co/models =)\n"}
,{"stream_name":"stderr","time":4726.077624789,"data":"\n"}
,{"stream_name":"stderr","time":4726.077630454,"data":"\n"}
,{"stream_name":"stderr","time":4726.078711963,"data":"Loading best model from /kaggle/working/deberta_seed7/checkpoint-7575 (score: 0.9518542236711883).\n"}
,{"stream_name":"stderr","time":4726.078740046,"data":"\n"}
,{"stream_name":"stderr","time":4726.07874477,"data":"Loading best model from /kaggle/working/deberta_seed7/checkpoint-7575 (score: 0.9518542236711883).\n"}
,{"stream_name":"stderr","time":4726.170604002,"data":"There were missing keys in the checkpoint model loaded: ['deberta.embeddings.LayerNorm.weight', 'deberta.embeddings.LayerNorm.bias', 'deberta.encoder.layer.0.attention.output.LayerNorm.weight', 'deberta.encoder.layer.0.attention.output.LayerNorm.bias', 'deberta.encoder.layer.0.output.LayerNorm.weight', 'deberta.encoder.layer.0.output.LayerNorm.bias', 'deberta.encoder.layer.1.attention.output.LayerNorm.weight', 'deberta.encoder.layer.1.attention.output.LayerNorm.bias', 'deberta.encoder.layer.1.output.LayerNorm.weight', 'deberta.encoder.layer.1.output.LayerNorm.bias', 'deberta.encoder.layer.2.attention.output.LayerNorm.weight', 'deberta.encoder.layer.2.attention.output.LayerNorm.bias', 'deberta.encoder.layer.2.output.LayerNorm.weight', 'deberta.encoder.layer.2.output.LayerNorm.bias', 'deberta.encoder.layer.3.attention.output.LayerNorm.weight', 'deberta.encoder.layer.3.attention.output.LayerNorm.bias', 'deberta.encoder.layer.3.output.LayerNorm.weight', 'deberta.encoder.layer.3.output.LayerNorm.bias', 'deberta.encoder.layer.4.attention.output.LayerNorm.weight', 'deberta.encoder.layer.4.attention.output.LayerNorm.bias', 'deberta.encoder.layer.4.output.LayerNorm.weight', 'deberta.encoder.layer.4.output.LayerNorm.bias', 'deberta.encoder.layer.5.attention.output.LayerNorm.weight', 'deberta.encoder.layer.5.attention.output.LayerNorm.bias', 'deberta.encoder.layer.5.output.LayerNorm.weight', 'deberta.encoder.layer.5.output.LayerNorm.bias', 'deberta.encoder.LayerNorm.weight', 'deberta.encoder.LayerNorm.bias'].\n"}
,{"stream_name":"stderr","time":4726.17064464,"data":"\n"}
,{"stream_name":"stderr","time":4726.170649754,"data":"There were missing keys in the checkpoint model loaded: ['deberta.embeddings.LayerNorm.weight', 'deberta.embeddings.LayerNorm.bias', 'deberta.encoder.layer.0.attention.output.LayerNorm.weight', 'deberta.encoder.layer.0.attention.output.LayerNorm.bias', 'deberta.encoder.layer.0.output.LayerNorm.weight', 'deberta.encoder.layer.0.output.LayerNorm.bias', 'deberta.encoder.layer.1.attention.output.LayerNorm.weight', 'deberta.encoder.layer.1.attention.output.LayerNorm.bias', 'deberta.encoder.layer.1.output.LayerNorm.weight', 'deberta.encoder.layer.1.output.LayerNorm.bias', 'deberta.encoder.layer.2.attention.output.LayerNorm.weight', 'deberta.encoder.layer.2.attention.output.LayerNorm.bias', 'deberta.encoder.layer.2.output.LayerNorm.weight', 'deberta.encoder.layer.2.output.LayerNorm.bias', 'deberta.encoder.layer.3.attention.output.LayerNorm.weight', 'deberta.encoder.layer.3.attention.output.LayerNorm.bias', 'deberta.encoder.layer.3.output.LayerNorm.weight', 'deberta.encoder.layer.3.output.LayerNorm.bias', 'deberta.encoder.layer.4.attention.output.LayerNorm.weight', 'deberta.encoder.layer.4.attention.output.LayerNorm.bias', 'deberta.encoder.layer.4.output.LayerNorm.weight', 'deberta.encoder.layer.4.output.LayerNorm.bias', 'deberta.encoder.layer.5.attention.output.LayerNorm.weight', 'deberta.encoder.layer.5.attention.output.LayerNorm.bias', 'deberta.encoder.layer.5.output.LayerNorm.weight', 'deberta.encoder.layer.5.output.LayerNorm.bias', 'deberta.encoder.LayerNorm.weight', 'deberta.encoder.LayerNorm.bias'].\n"}
,{"stream_name":"stderr","time":4726.171959692,"data":"There were unexpected keys in the checkpoint model loaded: ['deberta.embeddings.LayerNorm.beta', 'deberta.embeddings.LayerNorm.gamma', 'deberta.encoder.layer.0.attention.output.LayerNorm.beta', 'deberta.encoder.layer.0.attention.output.LayerNorm.gamma', 'deberta.encoder.layer.0.output.LayerNorm.beta', 'deberta.encoder.layer.0.output.LayerNorm.gamma', 'deberta.encoder.layer.1.attention.output.LayerNorm.beta', 'deberta.encoder.layer.1.attention.output.LayerNorm.gamma', 'deberta.encoder.layer.1.output.LayerNorm.beta', 'deberta.encoder.layer.1.output.LayerNorm.gamma', 'deberta.encoder.layer.2.attention.output.LayerNorm.beta', 'deberta.encoder.layer.2.attention.output.LayerNorm.gamma', 'deberta.encoder.layer.2.output.LayerNorm.beta', 'deberta.encoder.layer.2.output.LayerNorm.gamma', 'deberta.encoder.layer.3.attention.output.LayerNorm.beta', 'deberta.encoder.layer.3.attention.output.LayerNorm.gamma', 'deberta.encoder.layer.3.output.LayerNorm.beta', 'deberta.encoder.layer.3.output.LayerNorm.gamma', 'deberta.encoder.layer.4.attention.output.LayerNorm.beta', 'deberta.encoder.layer.4.attention.output.LayerNorm.gamma', 'deberta.encoder.layer.4.output.LayerNorm.beta', 'deberta.encoder.layer.4.output.LayerNorm.gamma', 'deberta.encoder.layer.5.attention.output.LayerNorm.beta', 'deberta.encoder.layer.5.attention.output.LayerNorm.gamma', 'deberta.encoder.layer.5.output.LayerNorm.beta', 'deberta.encoder.layer.5.output.LayerNorm.gamma', 'deberta.encoder.LayerNorm.beta', 'deberta.encoder.LayerNorm.gamma'].\n"}
,{"stream_name":"stderr","time":4726.172010509,"data":"\n"}
,{"stream_name":"stderr","time":4726.172030137,"data":"There were unexpected keys in the checkpoint model loaded: ['deberta.embeddings.LayerNorm.beta', 'deberta.embeddings.LayerNorm.gamma', 'deberta.encoder.layer.0.attention.output.LayerNorm.beta', 'deberta.encoder.layer.0.attention.output.LayerNorm.gamma', 'deberta.encoder.layer.0.output.LayerNorm.beta', 'deberta.encoder.layer.0.output.LayerNorm.gamma', 'deberta.encoder.layer.1.attention.output.LayerNorm.beta', 'deberta.encoder.layer.1.attention.output.LayerNorm.gamma', 'deberta.encoder.layer.1.output.LayerNorm.beta', 'deberta.encoder.layer.1.output.LayerNorm.gamma', 'deberta.encoder.layer.2.attention.output.LayerNorm.beta', 'deberta.encoder.layer.2.attention.output.LayerNorm.gamma', 'deberta.encoder.layer.2.output.LayerNorm.beta', 'deberta.encoder.layer.2.output.LayerNorm.gamma', 'deberta.encoder.layer.3.attention.output.LayerNorm.beta', 'deberta.encoder.layer.3.attention.output.LayerNorm.gamma', 'deberta.encoder.layer.3.output.LayerNorm.beta', 'deberta.encoder.layer.3.output.LayerNorm.gamma', 'deberta.encoder.layer.4.attention.output.LayerNorm.beta', 'deberta.encoder.layer.4.attention.output.LayerNorm.gamma', 'deberta.encoder.layer.4.output.LayerNorm.beta', 'deberta.encoder.layer.4.output.LayerNorm.gamma', 'deberta.encoder.layer.5.attention.output.LayerNorm.beta', 'deberta.encoder.layer.5.attention.output.LayerNorm.gamma', 'deberta.encoder.layer.5.output.LayerNorm.beta', 'deberta.encoder.layer.5.output.LayerNorm.gamma', 'deberta.encoder.LayerNorm.beta', 'deberta.encoder.LayerNorm.gamma'].\n"}
,{"stream_name":"stderr","time":4726.183376002,"data":"The following columns in the Evaluation set don't have a corresponding argument in `DebertaV2ForTokenClassification.forward` and have been ignored: injected_email_context, ner_tags, n_tokens, n_per_spans, tokens, injected_email_multi_token, entity_density_bucket, injected_email_str, n_email_spans, injected_email_inserted_at. If injected_email_context, ner_tags, n_tokens, n_per_spans, tokens, injected_email_multi_token, entity_density_bucket, injected_email_str, n_email_spans, injected_email_inserted_at are not expected by `DebertaV2ForTokenClassification.forward`,  you can safely ignore this message.\n"}
,{"stream_name":"stderr","time":4726.183400311,"data":"\n"}
,{"stream_name":"stderr","time":4726.183406232,"data":"The following columns in the Evaluation set don't have a corresponding argument in `DebertaV2ForTokenClassification.forward` and have been ignored: injected_email_context, ner_tags, n_tokens, n_per_spans, tokens, injected_email_multi_token, entity_density_bucket, injected_email_str, n_email_spans, injected_email_inserted_at. If injected_email_context, ner_tags, n_tokens, n_per_spans, tokens, injected_email_multi_token, entity_density_bucket, injected_email_str, n_email_spans, injected_email_inserted_at are not expected by `DebertaV2ForTokenClassification.forward`,  you can safely ignore this message.\n"}
,{"stream_name":"stderr","time":4726.187922716,"data":"\n"}
,{"stream_name":"stderr","time":4726.187947109,"data":"***** Running Evaluation *****\n"}
,{"stream_name":"stderr","time":4726.187965162,"data":"\n"}
,{"stream_name":"stderr","time":4726.187969645,"data":"\n"}
,{"stream_name":"stderr","time":4726.187974081,"data":"***** Running Evaluation *****\n"}
,{"stream_name":"stderr","time":4726.189050207,"data":"  Num examples = 4278\n"}
,{"stream_name":"stderr","time":4726.189069489,"data":"\n"}
,{"stream_name":"stderr","time":4726.189075667,"data":"  Num examples = 4278\n"}
,{"stream_name":"stderr","time":4726.190066004,"data":"  Batch size = 32\n"}
,{"stream_name":"stderr","time":4726.190079108,"data":"\n"}
,{"stream_name":"stderr","time":4726.190082014,"data":"  Batch size = 32\n"}
,{"stream_name":"stdout","time":4726.191967532,"data":"{'train_runtime': '1535', 'train_samples_per_second': '78.96', 'train_steps_per_second': '4.935', 'train_loss': '0.1485', 'epoch': '5'}\n"}
,{"stream_name":"stderr","time":4742.28367371,"data":"The following columns in the Evaluation set don't have a corresponding argument in `DebertaV2ForTokenClassification.forward` and have been ignored: injected_email_context, ner_tags, n_tokens, n_per_spans, tokens, injected_email_multi_token, entity_density_bucket, injected_email_str, n_email_spans, injected_email_inserted_at. If injected_email_context, ner_tags, n_tokens, n_per_spans, tokens, injected_email_multi_token, entity_density_bucket, injected_email_str, n_email_spans, injected_email_inserted_at are not expected by `DebertaV2ForTokenClassification.forward`,  you can safely ignore this message.\n"}
,{"stream_name":"stderr","time":4742.283739961,"data":"\n"}
,{"stream_name":"stderr","time":4742.283747141,"data":"The following columns in the Evaluation set don't have a corresponding argument in `DebertaV2ForTokenClassification.forward` and have been ignored: injected_email_context, ner_tags, n_tokens, n_per_spans, tokens, injected_email_multi_token, entity_density_bucket, injected_email_str, n_email_spans, injected_email_inserted_at. If injected_email_context, ner_tags, n_tokens, n_per_spans, tokens, injected_email_multi_token, entity_density_bucket, injected_email_str, n_email_spans, injected_email_inserted_at are not expected by `DebertaV2ForTokenClassification.forward`,  you can safely ignore this message.\n"}
,{"stream_name":"stderr","time":4742.288633589,"data":"\n"}
,{"stream_name":"stderr","time":4742.288668947,"data":"***** Running Evaluation *****\n"}
,{"stream_name":"stderr","time":4742.288675771,"data":"\n"}
,{"stream_name":"stderr","time":4742.288681025,"data":"\n"}
,{"stream_name":"stderr","time":4742.28868574,"data":"***** Running Evaluation *****\n"}
,{"stream_name":"stderr","time":4742.289755912,"data":"  Num examples = 3650\n"}
,{"stream_name":"stderr","time":4742.289787974,"data":"\n"}
,{"stream_name":"stderr","time":4742.28979526,"data":"  Num examples = 3650\n"}
,{"stream_name":"stderr","time":4742.290679073,"data":"  Batch size = 32\n"}
,{"stream_name":"stderr","time":4742.290699651,"data":"\n"}
,{"stream_name":"stderr","time":4742.290705946,"data":"  Batch size = 32\n"}
,{"stream_name":"stdout","time":4742.293154996,"data":"{'eval_overall_f1': '0.9519', 'eval_per_f1': '0.9321', 'eval_email_f1': '0.9984', 'eval_token_fpr': '0.007358', 'eval_token_fnr': '0.01161', 'eval_loss': '0.03842', 'eval_runtime': '16.09', 'eval_samples_per_second': '265.8', 'eval_steps_per_second': '8.327', 'epoch': '5'}\n"}
,{"stream_name":"stdout","time":4742.293182406,"data":"\n"}
,{"stream_name":"stdout","time":4742.293188602,"data":"Validation metrics: {'eval_overall_f1': 0.9518542236711883, 'eval_per_f1': 0.9320839207231114, 'eval_email_f1': 0.9984368894099258, 'eval_token_fpr': 0.007358021589512128, 'eval_token_fnr': 0.011610578527102471, 'eval_loss': 0.038421630859375, 'eval_runtime': 16.0928, 'eval_samples_per_second': 265.834, 'eval_steps_per_second': 8.327, 'epoch': 5.0}\n"}
,{"stream_name":"stderr","time":4756.105204731,"data":"Saving model checkpoint to /kaggle/working/deberta_seed7/best_model\n"}
,{"stream_name":"stderr","time":4756.105263385,"data":"\n"}
,{"stream_name":"stderr","time":4756.105273337,"data":"Saving model checkpoint to /kaggle/working/deberta_seed7/best_model\n"}
,{"stream_name":"stderr","time":4756.10640463,"data":"Configuration saved in /kaggle/working/deberta_seed7/best_model/config.json\n"}
,{"stream_name":"stderr","time":4756.106431412,"data":"\n"}
,{"stream_name":"stderr","time":4756.106438137,"data":"Configuration saved in /kaggle/working/deberta_seed7/best_model/config.json\n"}
,{"stream_name":"stdout","time":4756.112603551,"data":"{'eval_overall_f1': '0.936', 'eval_per_f1': '0.922', 'eval_email_f1': '0.9693', 'eval_token_fpr': '0.008655', 'eval_token_fnr': '0.01463', 'eval_loss': '0.0499', 'eval_runtime': '13.78', 'eval_samples_per_second': '264.9', 'eval_steps_per_second': '8.346', 'epoch': '5'}\n"}
,{"stream_name":"stdout","time":4756.112629401,"data":"Test metrics: {'eval_overall_f1': 0.9359870898332437, 'eval_per_f1': 0.9220047732696899, 'eval_email_f1': 0.9692972481237208, 'eval_token_fpr': 0.008655074718071218, 'eval_token_fnr': 0.014625717901294655, 'eval_loss': 0.049896240234375, 'eval_runtime': 13.7794, 'eval_samples_per_second': 264.888, 'eval_steps_per_second': 8.346, 'epoch': 5.0}\n"}
,{"stream_name":"stderr","time":4756.693401358,"data":"Model weights saved in /kaggle/working/deberta_seed7/best_model/model.safetensors\n"}
,{"stream_name":"stderr","time":4756.69343485,"data":"\n"}
,{"stream_name":"stderr","time":4756.693442037,"data":"Model weights saved in /kaggle/working/deberta_seed7/best_model/model.safetensors\n"}
,{"stream_name":"stderr","time":4756.716080571,"data":"tokenizer config file saved in /kaggle/working/deberta_seed7/best_model/tokenizer_config.json\n"}
,{"stream_name":"stderr","time":4756.71613571,"data":"\n"}
,{"stream_name":"stderr","time":4756.71614396,"data":"tokenizer config file saved in /kaggle/working/deberta_seed7/best_model/tokenizer_config.json\n"}
,{"stream_name":"stdout","time":4756.917457536,"data":"\n"}
,{"stream_name":"stdout","time":4756.917508206,"data":"Saved: deberta_seed7_result.json\n"}
,{"stream_name":"stdout","time":4756.917516823,"data":"\n"}
,{"stream_name":"stdout","time":4756.917522516,"data":"============================================================\n"}
,{"stream_name":"stdout","time":4756.917528623,"data":"START: distilbert_seed42  |  model=distilbert-base-cased  |  seed=42\n"}
,{"stream_name":"stdout","time":4756.917534221,"data":"============================================================\n"}
,{"stream_name":"stdout","time":4756.917539626,"data":"\n"}
,{"stream_name":"stderr","time":4757.112443705,"data":"loading configuration file config.json from cache at /root/.cache/huggingface/hub/models--distilbert-base-cased/snapshots/6ea81172465e8b0ad3fddeed32b986cdcdcffcf0/config.json\n"}
,{"stream_name":"stderr","time":4757.112472398,"data":"\n"}
,{"stream_name":"stderr","time":4757.112477026,"data":"loading configuration file config.json from cache at /root/.cache/huggingface/hub/models--distilbert-base-cased/snapshots/6ea81172465e8b0ad3fddeed32b986cdcdcffcf0/config.json\n"}
,{"stream_name":"stderr","time":4757.118850638,"data":"Model config DistilBertConfig {\n"}
,{"stream_name":"stderr","time":4757.118889402,"data":"  \"activation\": \"gelu\",\n"}
,{"stream_name":"stderr","time":4757.11890268,"data":"  \"architectures\": [\n"}
,{"stream_name":"stderr","time":4757.118906964,"data":"    \"DistilBertForMaskedLM\"\n"}
,{"stream_name":"stderr","time":4757.118910754,"data":"  ],\n"}
,{"stream_name":"stderr","time":4757.118914226,"data":"  \"attention_dropout\": 0.1,\n"}
,{"stream_name":"stderr","time":4757.118930503,"data":"  \"bos_token_id\": null,\n"}
,{"stream_name":"stderr","time":4757.118933494,"data":"  \"dim\": 768,\n"}
,{"stream_name":"stderr","time":4757.118936067,"data":"  \"dropout\": 0.1,\n"}
,{"stream_name":"stderr","time":4757.118938736,"data":"  \"eos_token_id\": null,\n"}
,{"stream_name":"stderr","time":4757.118941296,"data":"  \"hidden_dim\": 3072,\n"}
,{"stream_name":"stderr","time":4757.118943896,"data":"  \"initializer_range\": 0.02,\n"}
,{"stream_name":"stderr","time":4757.118946527,"data":"  \"max_position_embeddings\": 512,\n"}
,{"stream_name":"stderr","time":4757.118949057,"data":"  \"model_type\": \"distilbert\",\n"}
,{"stream_name":"stderr","time":4757.118951717,"data":"  \"n_heads\": 12,\n"}
,{"stream_name":"stderr","time":4757.118954293,"data":"  \"n_layers\": 6,\n"}
,{"stream_name":"stderr","time":4757.118956879,"data":"  \"output_past\": true,\n"}
,{"stream_name":"stderr","time":4757.11895939,"data":"  \"pad_token_id\": 0,\n"}
,{"stream_name":"stderr","time":4757.118962009,"data":"  \"qa_dropout\": 0.1,\n"}
,{"stream_name":"stderr","time":4757.118964997,"data":"  \"seq_classif_dropout\": 0.2,\n"}
,{"stream_name":"stderr","time":4757.118967534,"data":"  \"sinusoidal_pos_embds\": false,\n"}
,{"stream_name":"stderr","time":4757.118970139,"data":"  \"tie_weights_\": true,\n"}
,{"stream_name":"stderr","time":4757.11897263,"data":"  \"tie_word_embeddings\": true,\n"}
,{"stream_name":"stderr","time":4757.118975184,"data":"  \"transformers_version\": \"5.0.0\",\n"}
,{"stream_name":"stderr","time":4757.118977785,"data":"  \"vocab_size\": 28996\n"}
,{"stream_name":"stderr","time":4757.118980253,"data":"}\n"}
,{"stream_name":"stderr","time":4757.118982639,"data":"\n"}
,{"stream_name":"stderr","time":4757.118985029,"data":"\n"}
,{"stream_name":"stderr","time":4757.11898739,"data":"Model config DistilBertConfig {\n"}
,{"stream_name":"stderr","time":4757.118989865,"data":"  \"activation\": \"gelu\",\n"}
,{"stream_name":"stderr","time":4757.118992389,"data":"  \"architectures\": [\n"}
,{"stream_name":"stderr","time":4757.118994907,"data":"    \"DistilBertForMaskedLM\"\n"}
,{"stream_name":"stderr","time":4757.118997406,"data":"  ],\n"}
,{"stream_name":"stderr","time":4757.118999792,"data":"  \"attention_dropout\": 0.1,\n"}
,{"stream_name":"stderr","time":4757.1190023,"data":"  \"bos_token_id\": null,\n"}
,{"stream_name":"stderr","time":4757.11900476,"data":"  \"dim\": 768,\n"}
,{"stream_name":"stderr","time":4757.119007216,"data":"  \"dropout\": 0.1,\n"}
,{"stream_name":"stderr","time":4757.119009676,"data":"  \"eos_token_id\": null,\n"}
,{"stream_name":"stderr","time":4757.119012152,"data":"  \"hidden_dim\": 3072,\n"}
,{"stream_name":"stderr","time":4757.11901466,"data":"  \"initializer_range\": 0.02,\n"}
,{"stream_name":"stderr","time":4757.119017177,"data":"  \"max_position_embeddings\": 512,\n"}
,{"stream_name":"stderr","time":4757.119019662,"data":"  \"model_type\": \"distilbert\",\n"}
,{"stream_name":"stderr","time":4757.119022187,"data":"  \"n_heads\": 12,\n"}
,{"stream_name":"stderr","time":4757.119024887,"data":"  \"n_layers\": 6,\n"}
,{"stream_name":"stderr","time":4757.119027455,"data":"  \"output_past\": true,\n"}
,{"stream_name":"stderr","time":4757.119029952,"data":"  \"pad_token_id\": 0,\n"}
,{"stream_name":"stderr","time":4757.119032503,"data":"  \"qa_dropout\": 0.1,\n"}
,{"stream_name":"stderr","time":4757.119035017,"data":"  \"seq_classif_dropout\": 0.2,\n"}
,{"stream_name":"stderr","time":4757.119037639,"data":"  \"sinusoidal_pos_embds\": false,\n"}
,{"stream_name":"stderr","time":4757.119040174,"data":"  \"tie_weights_\": true,\n"}
,{"stream_name":"stderr","time":4757.119045474,"data":"  \"tie_word_embeddings\": true,\n"}
,{"stream_name":"stderr","time":4757.119048254,"data":"  \"transformers_version\": \"5.0.0\",\n"}
,{"stream_name":"stderr","time":4757.119051014,"data":"  \"vocab_size\": 28996\n"}
,{"stream_name":"stderr","time":4757.119070465,"data":"}\n"}
,{"stream_name":"stderr","time":4757.119074617,"data":"\n"}
,{"stream_name":"stderr","time":4758.359788718,"data":"loading configuration file config.json from cache at /root/.cache/huggingface/hub/models--distilbert-base-cased/snapshots/6ea81172465e8b0ad3fddeed32b986cdcdcffcf0/config.json\n"}
,{"stream_name":"stderr","time":4758.35982633,"data":"\n"}
,{"stream_name":"stderr","time":4758.359831676,"data":"loading configuration file config.json from cache at /root/.cache/huggingface/hub/models--distilbert-base-cased/snapshots/6ea81172465e8b0ad3fddeed32b986cdcdcffcf0/config.json\n"}
,{"stream_name":"stderr","time":4758.360739743,"data":"Model config DistilBertConfig {\n"}
,{"stream_name":"stderr","time":4758.360783692,"data":"  \"activation\": \"gelu\",\n"}
,{"stream_name":"stderr","time":4758.360789853,"data":"  \"architectures\": [\n"}
,{"stream_name":"stderr","time":4758.360794665,"data":"    \"DistilBertForMaskedLM\"\n"}
,{"stream_name":"stderr","time":4758.360798973,"data":"  ],\n"}
,{"stream_name":"stderr","time":4758.360802827,"data":"  \"attention_dropout\": 0.1,\n"}
,{"stream_name":"stderr","time":4758.360806862,"data":"  \"bos_token_id\": null,\n"}
,{"stream_name":"stderr","time":4758.360810884,"data":"  \"dim\": 768,\n"}
,{"stream_name":"stderr","time":4758.360814865,"data":"  \"dropout\": 0.1,\n"}
,{"stream_name":"stderr","time":4758.360836558,"data":"  \"eos_token_id\": null,\n"}
,{"stream_name":"stderr","time":4758.360856642,"data":"  \"hidden_dim\": 3072,\n"}
,{"stream_name":"stderr","time":4758.360861437,"data":"  \"id2label\": {\n"}
,{"stream_name":"stderr","time":4758.360872502,"data":"    \"0\": \"O\",\n"}
,{"stream_name":"stderr","time":4758.360876978,"data":"    \"1\": \"B-PER\",\n"}
,{"stream_name":"stderr","time":4758.360881246,"data":"    \"2\": \"I-PER\",\n"}
,{"stream_name":"stderr","time":4758.36089868,"data":"    \"3\": \"B-EMAIL\",\n"}
,{"stream_name":"stderr","time":4758.360902699,"data":"    \"4\": \"I-EMAIL\"\n"}
,{"stream_name":"stderr","time":4758.360906989,"data":"  },\n"}
,{"stream_name":"stderr","time":4758.360910697,"data":"  \"initializer_range\": 0.02,\n"}
,{"stream_name":"stderr","time":4758.360914908,"data":"  \"label2id\": {\n"}
,{"stream_name":"stderr","time":4758.360918961,"data":"    \"B-EMAIL\": 3,\n"}
,{"stream_name":"stderr","time":4758.36092272,"data":"    \"B-PER\": 1,\n"}
,{"stream_name":"stderr","time":4758.360926887,"data":"    \"I-EMAIL\": 4,\n"}
,{"stream_name":"stderr","time":4758.360930726,"data":"    \"I-PER\": 2,\n"}
,{"stream_name":"stderr","time":4758.360934326,"data":"    \"O\": 0\n"}
,{"stream_name":"stderr","time":4758.360938139,"data":"  },\n"}
,{"stream_name":"stderr","time":4758.360942207,"data":"  \"max_position_embeddings\": 512,\n"}
,{"stream_name":"stderr","time":4758.360946969,"data":"  \"model_type\": \"distilbert\",\n"}
,{"stream_name":"stderr","time":4758.360951172,"data":"  \"n_heads\": 12,\n"}
,{"stream_name":"stderr","time":4758.360955634,"data":"  \"n_layers\": 6,\n"}
,{"stream_name":"stderr","time":4758.360959717,"data":"  \"output_past\": true,\n"}
,{"stream_name":"stderr","time":4758.360963999,"data":"  \"pad_token_id\": 0,\n"}
,{"stream_name":"stderr","time":4758.360968359,"data":"  \"qa_dropout\": 0.1,\n"}
,{"stream_name":"stderr","time":4758.3609887,"data":"  \"seq_classif_dropout\": 0.2,\n"}
,{"stream_name":"stderr","time":4758.360993089,"data":"  \"sinusoidal_pos_embds\": false,\n"}
,{"stream_name":"stderr","time":4758.360997117,"data":"  \"tie_weights_\": true,\n"}
,{"stream_name":"stderr","time":4758.361001034,"data":"  \"tie_word_embeddings\": true,\n"}
,{"stream_name":"stderr","time":4758.361005154,"data":"  \"transformers_version\": \"5.0.0\",\n"}
,{"stream_name":"stderr","time":4758.361009221,"data":"  \"vocab_size\": 28996\n"}
,{"stream_name":"stderr","time":4758.361013382,"data":"}\n"}
,{"stream_name":"stderr","time":4758.361017241,"data":"\n"}
,{"stream_name":"stderr","time":4758.361021322,"data":"\n"}
,{"stream_name":"stderr","time":4758.361024916,"data":"Model config DistilBertConfig {\n"}
,{"stream_name":"stderr","time":4758.361029164,"data":"  \"activation\": \"gelu\",\n"}
,{"stream_name":"stderr","time":4758.361033352,"data":"  \"architectures\": [\n"}
,{"stream_name":"stderr","time":4758.361038757,"data":"    \"DistilBertForMaskedLM\"\n"}
,{"stream_name":"stderr","time":4758.361042874,"data":"  ],\n"}
,{"stream_name":"stderr","time":4758.3610468,"data":"  \"attention_dropout\": 0.1,\n"}
,{"stream_name":"stderr","time":4758.361050657,"data":"  \"bos_token_id\": null,\n"}
,{"stream_name":"stderr","time":4758.361054716,"data":"  \"dim\": 768,\n"}
,{"stream_name":"stderr","time":4758.361058952,"data":"  \"dropout\": 0.1,\n"}
,{"stream_name":"stderr","time":4758.361062859,"data":"  \"eos_token_id\": null,\n"}
,{"stream_name":"stderr","time":4758.361066706,"data":"  \"hidden_dim\": 3072,\n"}
,{"stream_name":"stderr","time":4758.361070784,"data":"  \"id2label\": {\n"}
,{"stream_name":"stderr","time":4758.361074704,"data":"    \"0\": \"O\",\n"}
,{"stream_name":"stderr","time":4758.36107869,"data":"    \"1\": \"B-PER\",\n"}
,{"stream_name":"stderr","time":4758.361082813,"data":"    \"2\": \"I-PER\",\n"}
,{"stream_name":"stderr","time":4758.361086854,"data":"    \"3\": \"B-EMAIL\",\n"}
,{"stream_name":"stderr","time":4758.361091019,"data":"    \"4\": \"I-EMAIL\"\n"}
,{"stream_name":"stderr","time":4758.361094967,"data":"  },\n"}
,{"stream_name":"stderr","time":4758.361098899,"data":"  \"initializer_range\": 0.02,\n"}
,{"stream_name":"stderr","time":4758.361103108,"data":"  \"label2id\": {\n"}
,{"stream_name":"stderr","time":4758.361107697,"data":"    \"B-EMAIL\": 3,\n"}
,{"stream_name":"stderr","time":4758.361111809,"data":"    \"B-PER\": 1,\n"}
,{"stream_name":"stderr","time":4758.361115826,"data":"    \"I-EMAIL\": 4,\n"}
,{"stream_name":"stderr","time":4758.361119819,"data":"    \"I-PER\": 2,\n"}
,{"stream_name":"stderr","time":4758.361123737,"data":"    \"O\": 0\n"}
,{"stream_name":"stderr","time":4758.361128029,"data":"  },\n"}
,{"stream_name":"stderr","time":4758.361131793,"data":"  \"max_position_embeddings\": 512,\n"}
,{"stream_name":"stderr","time":4758.361135984,"data":"  \"model_type\": \"distilbert\",\n"}
,{"stream_name":"stderr","time":4758.361140117,"data":"  \"n_heads\": 12,\n"}
,{"stream_name":"stderr","time":4758.361144029,"data":"  \"n_layers\": 6,\n"}
,{"stream_name":"stderr","time":4758.36114805,"data":"  \"output_past\": true,\n"}
,{"stream_name":"stderr","time":4758.361152397,"data":"  \"pad_token_id\": 0,\n"}
,{"stream_name":"stderr","time":4758.361156324,"data":"  \"qa_dropout\": 0.1,\n"}
,{"stream_name":"stderr","time":4758.361160467,"data":"  \"seq_classif_dropout\": 0.2,\n"}
,{"stream_name":"stderr","time":4758.361164854,"data":"  \"sinusoidal_pos_embds\": false,\n"}
,{"stream_name":"stderr","time":4758.361168809,"data":"  \"tie_weights_\": true,\n"}
,{"stream_name":"stderr","time":4758.361177979,"data":"  \"tie_word_embeddings\": true,\n"}
,{"stream_name":"stderr","time":4758.36118215,"data":"  \"transformers_version\": \"5.0.0\",\n"}
,{"stream_name":"stderr","time":4758.361186104,"data":"  \"vocab_size\": 28996\n"}
,{"stream_name":"stderr","time":4758.361190778,"data":"}\n"}
,{"stream_name":"stderr","time":4758.361194802,"data":"\n"}
,{"stream_name":"stdout","time":4758.421345642,"data":"Using pre-tokenized dataset from Day 2.\n"}
,{"stream_name":"stderr","time":4760.834231326,"data":"loading weights file model.safetensors from cache at /root/.cache/huggingface/hub/models--distilbert-base-cased/snapshots/6ea81172465e8b0ad3fddeed32b986cdcdcffcf0/model.safetensors\n"}
,{"stream_name":"stderr","time":4760.834296903,"data":"\n"}
,{"stream_name":"stderr","time":4760.834304009,"data":"loading weights file model.safetensors from cache at /root/.cache/huggingface/hub/models--distilbert-base-cased/snapshots/6ea81172465e8b0ad3fddeed32b986cdcdcffcf0/model.safetensors\n"}
,{"stream_name":"stderr","time":4760.835359491,"data":"Since the `dtype` attribute can't be found in model's config object, will use dtype={dtype} as derived from model's weights\n"}
,{"stream_name":"stderr","time":4760.835387537,"data":"\n"}
,{"stream_name":"stderr","time":4760.835392926,"data":"Since the `dtype` attribute can't be found in model's config object, will use dtype={dtype} as derived from model's weights\n"}
,{"stream_name":"stderr","time":4761.218943379,"data":"DistilBertForTokenClassification LOAD REPORT from: distilbert-base-cased\n"}
,{"stream_name":"stderr","time":4761.219000333,"data":"Key                     | Status     | \n"}
,{"stream_name":"stderr","time":4761.219008862,"data":"------------------------+------------+-\n"}
,{"stream_name":"stderr","time":4761.21901455,"data":"vocab_transform.weight  | UNEXPECTED | \n"}
,{"stream_name":"stderr","time":4761.219020214,"data":"vocab_projector.bias    | UNEXPECTED | \n"}
,{"stream_name":"stderr","time":4761.21902614,"data":"vocab_transform.bias    | UNEXPECTED | \n"}
,{"stream_name":"stderr","time":4761.219031784,"data":"vocab_layer_norm.bias   | UNEXPECTED | \n"}
,{"stream_name":"stderr","time":4761.219038127,"data":"vocab_layer_norm.weight | UNEXPECTED | \n"}
,{"stream_name":"stderr","time":4761.219044654,"data":"classifier.bias         | MISSING    | \n"}
,{"stream_name":"stderr","time":4761.219050632,"data":"classifier.weight       | MISSING    | \n"}
,{"stream_name":"stderr","time":4761.219056046,"data":"\n"}
,{"stream_name":"stderr","time":4761.219061908,"data":"Notes:\n"}
,{"stream_name":"stderr","time":4761.219067571,"data":"- UNEXPECTED\t:can be ignored when loading from different task/architecture; not ok if you expect identical arch.\n"}
,{"stream_name":"stderr","time":4761.219074333,"data":"- MISSING\t:those params were newly initialized because missing from the checkpoint. Consider training on your downstream task.\n"}
,{"stream_name":"stderr","time":4761.219081188,"data":"\n"}
,{"stream_name":"stderr","time":4761.219087531,"data":"DistilBertForTokenClassification LOAD REPORT from: distilbert-base-cased\n"}
,{"stream_name":"stderr","time":4761.21909355,"data":"Key                     | Status     | \n"}
,{"stream_name":"stderr","time":4761.219098877,"data":"------------------------+------------+-\n"}
,{"stream_name":"stderr","time":4761.219103732,"data":"vocab_transform.weight  | UNEXPECTED | \n"}
,{"stream_name":"stderr","time":4761.219108699,"data":"vocab_projector.bias    | UNEXPECTED | \n"}
,{"stream_name":"stderr","time":4761.219114304,"data":"vocab_transform.bias    | UNEXPECTED | \n"}
,{"stream_name":"stderr","time":4761.219120029,"data":"vocab_layer_norm.bias   | UNEXPECTED | \n"}
,{"stream_name":"stderr","time":4761.219136869,"data":"vocab_layer_norm.weight | UNEXPECTED | \n"}
,{"stream_name":"stderr","time":4761.219141542,"data":"classifier.bias         | MISSING    | \n"}
,{"stream_name":"stderr","time":4761.219146014,"data":"classifier.weight       | MISSING    | \n"}
,{"stream_name":"stderr","time":4761.219150639,"data":"\n"}
,{"stream_name":"stderr","time":4761.219154785,"data":"Notes:\n"}
,{"stream_name":"stderr","time":4761.219159059,"data":"- UNEXPECTED\t:can be ignored when loading from different task/architecture; not ok if you expect identical arch.\n"}
,{"stream_name":"stderr","time":4761.219164239,"data":"- MISSING\t:those params were newly initialized because missing from the checkpoint. Consider training on your downstream task.\n"}
,{"stream_name":"stderr","time":4761.22013977,"data":"PyTorch: setting up devices\n"}
,{"stream_name":"stderr","time":4761.220161991,"data":"\n"}
,{"stream_name":"stderr","time":4761.220167405,"data":"PyTorch: setting up devices\n"}
,{"stream_name":"stderr","time":4761.221002545,"data":"warmup_ratio is deprecated and will be removed in v5.2. Use `warmup_steps` instead.\n"}
,{"stream_name":"stderr","time":4761.221021005,"data":"\n"}
,{"stream_name":"stderr","time":4761.221025586,"data":"warmup_ratio is deprecated and will be removed in v5.2. Use `warmup_steps` instead.\n"}
,{"stream_name":"stderr","time":4761.22201334,"data":"The following columns in the Training set don't have a corresponding argument in `DistilBertForTokenClassification.forward` and have been ignored: token_type_ids, injected_email_context, ner_tags, n_tokens, n_per_spans, tokens, injected_email_multi_token, entity_density_bucket, injected_email_str, n_email_spans, injected_email_inserted_at. If token_type_ids, injected_email_context, ner_tags, n_tokens, n_per_spans, tokens, injected_email_multi_token, entity_density_bucket, injected_email_str, n_email_spans, injected_email_inserted_at are not expected by `DistilBertForTokenClassification.forward`,  you can safely ignore this message.\n"}
,{"stream_name":"stderr","time":4761.222052658,"data":"\n"}
,{"stream_name":"stderr","time":4761.222059241,"data":"The following columns in the Training set don't have a corresponding argument in `DistilBertForTokenClassification.forward` and have been ignored: token_type_ids, injected_email_context, ner_tags, n_tokens, n_per_spans, tokens, injected_email_multi_token, entity_density_bucket, injected_email_str, n_email_spans, injected_email_inserted_at. If token_type_ids, injected_email_context, ner_tags, n_tokens, n_per_spans, tokens, injected_email_multi_token, entity_density_bucket, injected_email_str, n_email_spans, injected_email_inserted_at are not expected by `DistilBertForTokenClassification.forward`,  you can safely ignore this message.\n"}
,{"stream_name":"stderr","time":4761.774351073,"data":"The following columns in the Training set don't have a corresponding argument in `DistilBertForTokenClassification.forward` and have been ignored: token_type_ids, injected_email_context, ner_tags, n_tokens, n_per_spans, tokens, injected_email_multi_token, entity_density_bucket, injected_email_str, n_email_spans, injected_email_inserted_at. If token_type_ids, injected_email_context, ner_tags, n_tokens, n_per_spans, tokens, injected_email_multi_token, entity_density_bucket, injected_email_str, n_email_spans, injected_email_inserted_at are not expected by `DistilBertForTokenClassification.forward`,  you can safely ignore this message.\n"}
,{"stream_name":"stderr","time":4761.774398896,"data":"\n"}
,{"stream_name":"stderr","time":4761.774404354,"data":"The following columns in the Training set don't have a corresponding argument in `DistilBertForTokenClassification.forward` and have been ignored: token_type_ids, injected_email_context, ner_tags, n_tokens, n_per_spans, tokens, injected_email_multi_token, entity_density_bucket, injected_email_str, n_email_spans, injected_email_inserted_at. If token_type_ids, injected_email_context, ner_tags, n_tokens, n_per_spans, tokens, injected_email_multi_token, entity_density_bucket, injected_email_str, n_email_spans, injected_email_inserted_at are not expected by `DistilBertForTokenClassification.forward`,  you can safely ignore this message.\n"}
,{"stream_name":"stderr","time":4761.786405995,"data":"***** Running training *****\n"}
,{"stream_name":"stderr","time":4761.786440839,"data":"\n"}
,{"stream_name":"stderr","time":4761.786447345,"data":"***** Running training *****\n"}
,{"stream_name":"stderr","time":4761.787529742,"data":"  Num examples = 24,238\n"}
,{"stream_name":"stderr","time":4761.787554418,"data":"\n"}
,{"stream_name":"stderr","time":4761.787559488,"data":"  Num examples = 24,238\n"}
,{"stream_name":"stderr","time":4761.788567919,"data":"  Num Epochs = 5\n"}
,{"stream_name":"stderr","time":4761.788598242,"data":"\n"}
,{"stream_name":"stderr","time":4761.788604052,"data":"  Num Epochs = 5\n"}
,{"stream_name":"stderr","time":4761.789469567,"data":"  Instantaneous batch size per device = 16\n"}
,{"stream_name":"stderr","time":4761.789494179,"data":"\n"}
,{"stream_name":"stderr","time":4761.789500107,"data":"  Instantaneous batch size per device = 16\n"}
,{"stream_name":"stderr","time":4761.790404168,"data":"  Total train batch size (w. parallel, distributed \u0026 accumulation) = 16\n"}
,{"stream_name":"stderr","time":4761.790429519,"data":"\n"}
,{"stream_name":"stderr","time":4761.790435121,"data":"  Total train batch size (w. parallel, distributed \u0026 accumulation) = 16\n"}
,{"stream_name":"stderr","time":4761.791588873,"data":"  Gradient Accumulation steps = 1\n"}
,{"stream_name":"stderr","time":4761.791606314,"data":"\n"}
,{"stream_name":"stderr","time":4761.791611427,"data":"  Gradient Accumulation steps = 1\n"}
,{"stream_name":"stderr","time":4761.792571498,"data":"  Total optimization steps = 7,575\n"}
,{"stream_name":"stderr","time":4761.79258958,"data":"\n"}
,{"stream_name":"stderr","time":4761.792594216,"data":"  Total optimization steps = 7,575\n"}
,{"stream_name":"stderr","time":4761.79356527,"data":"  Number of trainable parameters = 65,194,757\n"}
,{"stream_name":"stderr","time":4761.793593165,"data":"\n"}
,{"stream_name":"stderr","time":4761.793598164,"data":"  Number of trainable parameters = 65,194,757\n"}
,{"stream_name":"stdout","time":4761.794799975,"data":"  Sanity: label range [0, 4], input_ids shape torch.Size([16, 256])\n"}
,{"stream_name":"stdout","time":4767.534637398,"data":"{'loss': '1.611', 'grad_norm': '5.706', 'learning_rate': '6.464e-07', 'epoch': '0.033'}\n"}
,{"stream_name":"stdout","time":4772.815420007,"data":"{'loss': '1.441', 'grad_norm': '5.685', 'learning_rate': '1.306e-06', 'epoch': '0.06601'}\n"}
,{"stream_name":"stdout","time":4778.15380685,"data":"{'loss': '1.098', 'grad_norm': '3.786', 'learning_rate': '1.966e-06', 'epoch': '0.09901'}\n"}
,{"stream_name":"stdout","time":4783.540850961,"data":"{'loss': '0.5933', 'grad_norm': '1.474', 'learning_rate': '2.625e-06', 'epoch': '0.132'}\n"}
,{"stream_name":"stdout","time":4789.009446792,"data":"{'loss': '0.266', 'grad_norm': '1.112', 'learning_rate': '3.285e-06', 'epoch': '0.165'}\n"}
,{"stream_name":"stdout","time":4794.328598495,"data":"{'loss': '0.113', 'grad_norm': '1.352', 'learning_rate': '3.945e-06', 'epoch': '0.198'}\n"}
,{"stream_name":"stdout","time":4799.639210924,"data":"{'loss': '0.0622', 'grad_norm': '1.571', 'learning_rate': '4.604e-06', 'epoch': '0.231'}\n"}
,{"stream_name":"stdout","time":4804.933143846,"data":"{'loss': '0.04571', 'grad_norm': '1.789', 'learning_rate': '5.264e-06', 'epoch': '0.264'}\n"}
,{"stream_name":"stdout","time":4810.203030614,"data":"{'loss': '0.03735', 'grad_norm': '1.874', 'learning_rate': '5.923e-06', 'epoch': '0.297'}\n"}
,{"stream_name":"stdout","time":4815.46587136,"data":"{'loss': '0.03485', 'grad_norm': '3.57', 'learning_rate': '6.583e-06', 'epoch': '0.33'}\n"}
,{"stream_name":"stdout","time":4820.744515987,"data":"{'loss': '0.02939', 'grad_norm': '2.841', 'learning_rate': '7.243e-06', 'epoch': '0.363'}\n"}
,{"stream_name":"stdout","time":4825.92859242,"data":"{'loss': '0.02327', 'grad_norm': '1.011', 'learning_rate': '7.902e-06', 'epoch': '0.396'}\n"}
,{"stream_name":"stdout","time":4831.159242144,"data":"{'loss': '0.02644', 'grad_norm': '0.3824', 'learning_rate': '8.562e-06', 'epoch': '0.429'}\n"}
,{"stream_name":"stdout","time":4836.397837578,"data":"{'loss': '0.02951', 'grad_norm': '1.119', 'learning_rate': '9.222e-06', 'epoch': '0.462'}\n"}
,{"stream_name":"stdout","time":4841.647530179,"data":"{'loss': '0.02367', 'grad_norm': '0.7195', 'learning_rate': '9.881e-06', 'epoch': '0.495'}\n"}
,{"stream_name":"stdout","time":4846.89050119,"data":"{'loss': '0.01927', 'grad_norm': '1.922', 'learning_rate': '9.94e-06', 'epoch': '0.5281'}\n"}
,{"stream_name":"stdout","time":4852.21609136,"data":"{'loss': '0.01923', 'grad_norm': '1.133', 'learning_rate': '9.867e-06', 'epoch': '0.5611'}\n"}
,{"stream_name":"stdout","time":4857.433286364,"data":"{'loss': '0.01892', 'grad_norm': '1.641', 'learning_rate': '9.793e-06', 'epoch': '0.5941'}\n"}
,{"stream_name":"stdout","time":4862.723893252,"data":"{'loss': '0.02873', 'grad_norm': '0.3225', 'learning_rate': '9.72e-06', 'epoch': '0.6271'}\n"}
,{"stream_name":"stdout","time":4868.025665407,"data":"{'loss': '0.02062', 'grad_norm': '1.026', 'learning_rate': '9.646e-06', 'epoch': '0.6601'}\n"}
,{"stream_name":"stdout","time":4873.325620136,"data":"{'loss': '0.01718', 'grad_norm': '1.229', 'learning_rate': '9.573e-06', 'epoch': '0.6931'}\n"}
,{"stream_name":"stdout","time":4878.628411131,"data":"{'loss': '0.02206', 'grad_norm': '0.2074', 'learning_rate': '9.5e-06', 'epoch': '0.7261'}\n"}
,{"stream_name":"stdout","time":4883.978493196,"data":"{'loss': '0.01541', 'grad_norm': '0.4901', 'learning_rate': '9.426e-06', 'epoch': '0.7591'}\n"}
,{"stream_name":"stdout","time":4889.209555879,"data":"{'loss': '0.01768', 'grad_norm': '0.4983', 'learning_rate': '9.353e-06', 'epoch': '0.7921'}\n"}
,{"stream_name":"stdout","time":4894.495576055,"data":"{'loss': '0.01751', 'grad_norm': '0.5397', 'learning_rate': '9.28e-06', 'epoch': '0.8251'}\n"}
,{"stream_name":"stdout","time":4899.767216097,"data":"{'loss': '0.01511', 'grad_norm': '0.5253', 'learning_rate': '9.206e-06', 'epoch': '0.8581'}\n"}
,{"stream_name":"stdout","time":4905.030271888,"data":"{'loss': '0.01342', 'grad_norm': '0.1092', 'learning_rate': '9.133e-06', 'epoch': '0.8911'}\n"}
,{"stream_name":"stdout","time":4910.282991708,"data":"{'loss': '0.0198', 'grad_norm': '1.811', 'learning_rate': '9.06e-06', 'epoch': '0.9241'}\n"}
,{"stream_name":"stdout","time":4915.697549981,"data":"{'loss': '0.01725', 'grad_norm': '0.3503', 'learning_rate': '8.986e-06', 'epoch': '0.9571'}\n"}
,{"stream_name":"stdout","time":4920.787527778,"data":"{'loss': '0.0143', 'grad_norm': '1.375', 'learning_rate': '8.913e-06', 'epoch': '0.9901'}\n"}
,{"stream_name":"stderr","time":4922.178458372,"data":"The following columns in the Evaluation set don't have a corresponding argument in `DistilBertForTokenClassification.forward` and have been ignored: token_type_ids, injected_email_context, ner_tags, n_tokens, n_per_spans, tokens, injected_email_multi_token, entity_density_bucket, injected_email_str, n_email_spans, injected_email_inserted_at. If token_type_ids, injected_email_context, ner_tags, n_tokens, n_per_spans, tokens, injected_email_multi_token, entity_density_bucket, injected_email_str, n_email_spans, injected_email_inserted_at are not expected by `DistilBertForTokenClassification.forward`,  you can safely ignore this message.\n"}
,{"stream_name":"stderr","time":4922.178521999,"data":"\n"}
,{"stream_name":"stderr","time":4922.178527455,"data":"The following columns in the Evaluation set don't have a corresponding argument in `DistilBertForTokenClassification.forward` and have been ignored: token_type_ids, injected_email_context, ner_tags, n_tokens, n_per_spans, tokens, injected_email_multi_token, entity_density_bucket, injected_email_str, n_email_spans, injected_email_inserted_at. If token_type_ids, injected_email_context, ner_tags, n_tokens, n_per_spans, tokens, injected_email_multi_token, entity_density_bucket, injected_email_str, n_email_spans, injected_email_inserted_at are not expected by `DistilBertForTokenClassification.forward`,  you can safely ignore this message.\n"}
,{"stream_name":"stderr","time":4922.185054457,"data":"\n"}
,{"stream_name":"stderr","time":4922.185085648,"data":"***** Running Evaluation *****\n"}
,{"stream_name":"stderr","time":4922.185091389,"data":"\n"}
,{"stream_name":"stderr","time":4922.185095362,"data":"\n"}
,{"stream_name":"stderr","time":4922.18510056,"data":"***** Running Evaluation *****\n"}
,{"stream_name":"stderr","time":4922.186024264,"data":"  Num examples = 4278\n"}
,{"stream_name":"stderr","time":4922.186045682,"data":"\n"}
,{"stream_name":"stderr","time":4922.186051295,"data":"  Num examples = 4278\n"}
,{"stream_name":"stderr","time":4922.187985934,"data":"  Batch size = 32\n"}
,{"stream_name":"stderr","time":4922.188011127,"data":"\n"}
,{"stream_name":"stderr","time":4922.188016176,"data":"  Batch size = 32\n"}
,{"stream_name":"stderr","time":4932.611143909,"data":"Saving model checkpoint to /kaggle/working/distilbert_seed42/checkpoint-1515\n"}
,{"stream_name":"stderr","time":4932.611189311,"data":"\n"}
,{"stream_name":"stderr","time":4932.611196403,"data":"Saving model checkpoint to /kaggle/working/distilbert_seed42/checkpoint-1515\n"}
,{"stream_name":"stderr","time":4932.614317143,"data":"Configuration saved in /kaggle/working/distilbert_seed42/checkpoint-1515/config.json\n"}
,{"stream_name":"stderr","time":4932.614343876,"data":"\n"}
,{"stream_name":"stderr","time":4932.614350547,"data":"Configuration saved in /kaggle/working/distilbert_seed42/checkpoint-1515/config.json\n"}
,{"stream_name":"stdout","time":4932.63438889,"data":"{'eval_overall_f1': '0.9759', 'eval_per_f1': '0.9658', 'eval_email_f1': '0.9998', 'eval_token_fpr': '0.003455', 'eval_token_fnr': '0.005116', 'eval_loss': '0.01281', 'eval_runtime': '10.42', 'eval_samples_per_second': '410.4', 'eval_steps_per_second': '12.85', 'epoch': '1'}\n"}
,{"stream_name":"stderr","time":4933.12509393,"data":"Model weights saved in /kaggle/working/distilbert_seed42/checkpoint-1515/model.safetensors\n"}
,{"stream_name":"stderr","time":4933.125130589,"data":"\n"}
,{"stream_name":"stderr","time":4933.125150575,"data":"Model weights saved in /kaggle/working/distilbert_seed42/checkpoint-1515/model.safetensors\n"}
,{"stream_name":"stderr","time":4933.130057019,"data":"tokenizer config file saved in /kaggle/working/distilbert_seed42/checkpoint-1515/tokenizer_config.json\n"}
,{"stream_name":"stderr","time":4933.130108154,"data":"\n"}
,{"stream_name":"stderr","time":4933.130116035,"data":"tokenizer config file saved in /kaggle/working/distilbert_seed42/checkpoint-1515/tokenizer_config.json\n"}
,{"stream_name":"stdout","time":4937.76710228,"data":"{'loss': '0.01022', 'grad_norm': '0.0822', 'learning_rate': '8.84e-06', 'epoch': '1.023'}\n"}
,{"stream_name":"stdout","time":4943.010421382,"data":"{'loss': '0.01158', 'grad_norm': '1.147', 'learning_rate': '8.766e-06', 'epoch': '1.056'}\n"}
,{"stream_name":"stdout","time":4948.330155929,"data":"{'loss': '0.01256', 'grad_norm': '0.872', 'learning_rate': '8.693e-06', 'epoch': '1.089'}\n"}
,{"stream_name":"stdout","time":4953.566881287,"data":"{'loss': '0.00956', 'grad_norm': '0.06409', 'learning_rate': '8.62e-06', 'epoch': '1.122'}\n"}
,{"stream_name":"stdout","time":4958.878541681,"data":"{'loss': '0.0117', 'grad_norm': '0.2237', 'learning_rate': '8.546e-06', 'epoch': '1.155'}\n"}
,{"stream_name":"stdout","time":4964.208294639,"data":"{'loss': '0.01275', 'grad_norm': '2.218', 'learning_rate': '8.473e-06', 'epoch': '1.188'}\n"}
,{"stream_name":"stdout","time":4969.529458873,"data":"{'loss': '0.007636', 'grad_norm': '0.6696', 'learning_rate': '8.4e-06', 'epoch': '1.221'}\n"}
,{"stream_name":"stdout","time":4974.834298789,"data":"{'loss': '0.01169', 'grad_norm': '0.8662', 'learning_rate': '8.326e-06', 'epoch': '1.254'}\n"}
,{"stream_name":"stdout","time":4980.183640216,"data":"{'loss': '0.01132', 'grad_norm': '0.409', 'learning_rate': '8.253e-06', 'epoch': '1.287'}\n"}
,{"stream_name":"stdout","time":4985.418656142,"data":"{'loss': '0.007366', 'grad_norm': '0.3175', 'learning_rate': '8.18e-06', 'epoch': '1.32'}\n"}
,{"stream_name":"stdout","time":4990.687832798,"data":"{'loss': '0.01003', 'grad_norm': '0.1097', 'learning_rate': '8.106e-06', 'epoch': '1.353'}\n"}
,{"stream_name":"stdout","time":4995.959003174,"data":"{'loss': '0.01079', 'grad_norm': '0.305', 'learning_rate': '8.033e-06', 'epoch': '1.386'}\n"}
,{"stream_name":"stdout","time":5001.226361568,"data":"{'loss': '0.01168', 'grad_norm': '0.1837', 'learning_rate': '7.96e-06', 'epoch': '1.419'}\n"}
,{"stream_name":"stdout","time":5006.488293315,"data":"{'loss': '0.01033', 'grad_norm': '0.3715', 'learning_rate': '7.886e-06', 'epoch': '1.452'}\n"}
,{"stream_name":"stdout","time":5011.800424395,"data":"{'loss': '0.0101', 'grad_norm': '0.04812', 'learning_rate': '7.813e-06', 'epoch': '1.485'}\n"}
,{"stream_name":"stdout","time":5017.015113864,"data":"{'loss': '0.01087', 'grad_norm': '0.1894', 'learning_rate': '7.739e-06', 'epoch': '1.518'}\n"}
,{"stream_name":"stdout","time":5022.267662316,"data":"{'loss': '0.00926', 'grad_norm': '0.4768', 'learning_rate': '7.666e-06', 'epoch': '1.551'}\n"}
,{"stream_name":"stdout","time":5027.540076996,"data":"{'loss': '0.00829', 'grad_norm': '1.067', 'learning_rate': '7.593e-06', 'epoch': '1.584'}\n"}
,{"stream_name":"stdout","time":5032.817285545,"data":"{'loss': '0.009316', 'grad_norm': '1.375', 'learning_rate': '7.519e-06', 'epoch': '1.617'}\n"}
,{"stream_name":"stdout","time":5038.097042965,"data":"{'loss': '0.009878', 'grad_norm': '0.3065', 'learning_rate': '7.446e-06', 'epoch': '1.65'}\n"}
,{"stream_name":"stdout","time":5043.439049245,"data":"{'loss': '0.0101', 'grad_norm': '0.0509', 'learning_rate': '7.373e-06', 'epoch': '1.683'}\n"}
,{"stream_name":"stdout","time":5048.666069352,"data":"{'loss': '0.008685', 'grad_norm': '0.8459', 'learning_rate': '7.299e-06', 'epoch': '1.716'}\n"}
,{"stream_name":"stdout","time":5053.949044781,"data":"{'loss': '0.007915', 'grad_norm': '1.795', 'learning_rate': '7.226e-06', 'epoch': '1.749'}\n"}
,{"stream_name":"stdout","time":5059.225205338,"data":"{'loss': '0.008476', 'grad_norm': '2.901', 'learning_rate': '7.153e-06', 'epoch': '1.782'}\n"}
,{"stream_name":"stdout","time":5064.507741521,"data":"{'loss': '0.008685', 'grad_norm': '0.6486', 'learning_rate': '7.079e-06', 'epoch': '1.815'}\n"}
,{"stream_name":"stdout","time":5069.794765074,"data":"{'loss': '0.01036', 'grad_norm': '0.07971', 'learning_rate': '7.006e-06', 'epoch': '1.848'}\n"}
,{"stream_name":"stdout","time":5075.124403439,"data":"{'loss': '0.008757', 'grad_norm': '0.1759', 'learning_rate': '6.933e-06', 'epoch': '1.881'}\n"}
,{"stream_name":"stdout","time":5080.361781611,"data":"{'loss': '0.008558', 'grad_norm': '0.0593', 'learning_rate': '6.859e-06', 'epoch': '1.914'}\n"}
,{"stream_name":"stdout","time":5085.643610994,"data":"{'loss': '0.01101', 'grad_norm': '0.06636', 'learning_rate': '6.786e-06', 'epoch': '1.947'}\n"}
,{"stream_name":"stdout","time":5090.917189895,"data":"{'loss': '0.00738', 'grad_norm': '0.04681', 'learning_rate': '6.713e-06', 'epoch': '1.98'}\n"}
,{"stream_name":"stderr","time":5093.899017209,"data":"The following columns in the Evaluation set don't have a corresponding argument in `DistilBertForTokenClassification.forward` and have been ignored: token_type_ids, injected_email_context, ner_tags, n_tokens, n_per_spans, tokens, injected_email_multi_token, entity_density_bucket, injected_email_str, n_email_spans, injected_email_inserted_at. If token_type_ids, injected_email_context, ner_tags, n_tokens, n_per_spans, tokens, injected_email_multi_token, entity_density_bucket, injected_email_str, n_email_spans, injected_email_inserted_at are not expected by `DistilBertForTokenClassification.forward`,  you can safely ignore this message.\n"}
,{"stream_name":"stderr","time":5093.899063009,"data":"\n"}
,{"stream_name":"stderr","time":5093.899081825,"data":"The following columns in the Evaluation set don't have a corresponding argument in `DistilBertForTokenClassification.forward` and have been ignored: token_type_ids, injected_email_context, ner_tags, n_tokens, n_per_spans, tokens, injected_email_multi_token, entity_density_bucket, injected_email_str, n_email_spans, injected_email_inserted_at. If token_type_ids, injected_email_context, ner_tags, n_tokens, n_per_spans, tokens, injected_email_multi_token, entity_density_bucket, injected_email_str, n_email_spans, injected_email_inserted_at are not expected by `DistilBertForTokenClassification.forward`,  you can safely ignore this message.\n"}
,{"stream_name":"stderr","time":5093.903361679,"data":"\n"}
,{"stream_name":"stderr","time":5093.903389531,"data":"***** Running Evaluation *****\n"}
,{"stream_name":"stderr","time":5093.903395789,"data":"\n"}
,{"stream_name":"stderr","time":5093.903400984,"data":"\n"}
,{"stream_name":"stderr","time":5093.903406727,"data":"***** Running Evaluation *****\n"}
,{"stream_name":"stderr","time":5093.904356088,"data":"  Num examples = 4278\n"}
,{"stream_name":"stderr","time":5093.904379779,"data":"\n"}
,{"stream_name":"stderr","time":5093.904386108,"data":"  Num examples = 4278\n"}
,{"stream_name":"stderr","time":5093.905623049,"data":"  Batch size = 32\n"}
,{"stream_name":"stderr","time":5093.905655343,"data":"\n"}
,{"stream_name":"stderr","time":5093.905661895,"data":"  Batch size = 32\n"}
,{"stream_name":"stderr","time":5104.474779612,"data":"Saving model checkpoint to /kaggle/working/distilbert_seed42/checkpoint-3030\n"}
,{"stream_name":"stderr","time":5104.474826624,"data":"\n"}
,{"stream_name":"stderr","time":5104.474832358,"data":"Saving model checkpoint to /kaggle/working/distilbert_seed42/checkpoint-3030\n"}
,{"stream_name":"stderr","time":5104.47749844,"data":"Configuration saved in /kaggle/working/distilbert_seed42/checkpoint-3030/config.json\n"}
,{"stream_name":"stderr","time":5104.477523915,"data":"\n"}
,{"stream_name":"stderr","time":5104.47753035,"data":"Configuration saved in /kaggle/working/distilbert_seed42/checkpoint-3030/config.json\n"}
,{"stream_name":"stdout","time":5104.499711843,"data":"{'eval_overall_f1': '0.9808', 'eval_per_f1': '0.9725', 'eval_email_f1': '1', 'eval_token_fpr': '0.002423', 'eval_token_fnr': '0.006139', 'eval_loss': '0.01118', 'eval_runtime': '10.57', 'eval_samples_per_second': '404.8', 'eval_steps_per_second': '12.68', 'epoch': '2'}\n"}
,{"stream_name":"stderr","time":5105.006186224,"data":"Model weights saved in /kaggle/working/distilbert_seed42/checkpoint-3030/model.safetensors\n"}
,{"stream_name":"stderr","time":5105.006289628,"data":"\n"}
,{"stream_name":"stderr","time":5105.006299854,"data":"Model weights saved in /kaggle/working/distilbert_seed42/checkpoint-3030/model.safetensors\n"}
,{"stream_name":"stderr","time":5105.007166222,"data":"tokenizer config file saved in /kaggle/working/distilbert_seed42/checkpoint-3030/tokenizer_config.json\n"}
,{"stream_name":"stderr","time":5105.007181014,"data":"\n"}
,{"stream_name":"stderr","time":5105.007185909,"data":"tokenizer config file saved in /kaggle/working/distilbert_seed42/checkpoint-3030/tokenizer_config.json\n"}
,{"stream_name":"stderr","time":5105.689682058,"data":"Deleting older checkpoint [/kaggle/working/distilbert_seed42/checkpoint-1515] due to args.save_total_limit\n"}
,{"stream_name":"stderr","time":5105.689728971,"data":"\n"}
,{"stream_name":"stderr","time":5105.689734429,"data":"Deleting older checkpoint [/kaggle/working/distilbert_seed42/checkpoint-1515] due to args.save_total_limit\n"}
,{"stream_name":"stdout","time":5108.254864316,"data":"{'loss': '0.009687', 'grad_norm': '0.07929', 'learning_rate': '6.639e-06', 'epoch': '2.013'}\n"}
,{"stream_name":"stdout","time":5113.494320412,"data":"{'loss': '0.005301', 'grad_norm': '1.096', 'learning_rate': '6.566e-06', 'epoch': '2.046'}\n"}
,{"stream_name":"stdout","time":5118.765072759,"data":"{'loss': '0.004751', 'grad_norm': '0.1024', 'learning_rate': '6.493e-06', 'epoch': '2.079'}\n"}
,{"stream_name":"stdout","time":5124.053160358,"data":"{'loss': '0.008927', 'grad_norm': '0.1423', 'learning_rate': '6.419e-06', 'epoch': '2.112'}\n"}
,{"stream_name":"stdout","time":5129.358825002,"data":"{'loss': '0.003705', 'grad_norm': '0.1107', 'learning_rate': '6.346e-06', 'epoch': '2.145'}\n"}
,{"stream_name":"stdout","time":5134.692129693,"data":"{'loss': '0.005242', 'grad_norm': '0.233', 'learning_rate': '6.273e-06', 'epoch': '2.178'}\n"}
,{"stream_name":"stdout","time":5140.064790207,"data":"{'loss': '0.003257', 'grad_norm': '0.03685', 'learning_rate': '6.199e-06', 'epoch': '2.211'}\n"}
,{"stream_name":"stdout","time":5145.327902858,"data":"{'loss': '0.004721', 'grad_norm': '0.4372', 'learning_rate': '6.126e-06', 'epoch': '2.244'}\n"}
,{"stream_name":"stdout","time":5150.614277033,"data":"{'loss': '0.006333', 'grad_norm': '0.3582', 'learning_rate': '6.053e-06', 'epoch': '2.277'}\n"}
,{"stream_name":"stdout","time":5155.890754751,"data":"{'loss': '0.006595', 'grad_norm': '0.05829', 'learning_rate': '5.979e-06', 'epoch': '2.31'}\n"}
,{"stream_name":"stdout","time":5161.163554073,"data":"{'loss': '0.004625', 'grad_norm': '0.133', 'learning_rate': '5.906e-06', 'epoch': '2.343'}\n"}
,{"stream_name":"stdout","time":5166.418277366,"data":"{'loss': '0.004502', 'grad_norm': '0.3942', 'learning_rate': '5.832e-06', 'epoch': '2.376'}\n"}
,{"stream_name":"stdout","time":5171.714635531,"data":"{'loss': '0.005661', 'grad_norm': '0.4532', 'learning_rate': '5.759e-06', 'epoch': '2.409'}\n"}
,{"stream_name":"stdout","time":5176.913504056,"data":"{'loss': '0.004438', 'grad_norm': '0.006786', 'learning_rate': '5.686e-06', 'epoch': '2.442'}\n"}
,{"stream_name":"stdout","time":5182.159570352,"data":"{'loss': '0.006043', 'grad_norm': '0.4753', 'learning_rate': '5.612e-06', 'epoch': '2.475'}\n"}
,{"stream_name":"stdout","time":5187.429894549,"data":"{'loss': '0.004036', 'grad_norm': '1.578', 'learning_rate': '5.539e-06', 'epoch': '2.508'}\n"}
,{"stream_name":"stdout","time":5192.699234527,"data":"{'loss': '0.004612', 'grad_norm': '0.9284', 'learning_rate': '5.466e-06', 'epoch': '2.541'}\n"}
,{"stream_name":"stdout","time":5197.968974865,"data":"{'loss': '0.006782', 'grad_norm': '0.4317', 'learning_rate': '5.392e-06', 'epoch': '2.574'}\n"}
,{"stream_name":"stdout","time":5203.291850978,"data":"{'loss': '0.004361', 'grad_norm': '0.07284', 'learning_rate': '5.319e-06', 'epoch': '2.607'}\n"}
,{"stream_name":"stdout","time":5208.51392628,"data":"{'loss': '0.007949', 'grad_norm': '0.4795', 'learning_rate': '5.246e-06', 'epoch': '2.64'}\n"}
,{"stream_name":"stdout","time":5213.783830242,"data":"{'loss': '0.005228', 'grad_norm': '0.01113', 'learning_rate': '5.172e-06', 'epoch': '2.673'}\n"}
,{"stream_name":"stdout","time":5219.049157267,"data":"{'loss': '0.003425', 'grad_norm': '0.6018', 'learning_rate': '5.099e-06', 'epoch': '2.706'}\n"}
,{"stream_name":"stdout","time":5224.31807929,"data":"{'loss': '0.003381', 'grad_norm': '1.503', 'learning_rate': '5.026e-06', 'epoch': '2.739'}\n"}
,{"stream_name":"stdout","time":5229.593128076,"data":"{'loss': '0.005452', 'grad_norm': '0.08444', 'learning_rate': '4.952e-06', 'epoch': '2.772'}\n"}
,{"stream_name":"stdout","time":5234.92707685,"data":"{'loss': '0.004305', 'grad_norm': '1.823', 'learning_rate': '4.879e-06', 'epoch': '2.805'}\n"}
,{"stream_name":"stdout","time":5240.153305788,"data":"{'loss': '0.003457', 'grad_norm': '0.02841', 'learning_rate': '4.806e-06', 'epoch': '2.838'}\n"}
,{"stream_name":"stdout","time":5245.442505986,"data":"{'loss': '0.005147', 'grad_norm': '0.4974', 'learning_rate': '4.732e-06', 'epoch': '2.871'}\n"}
,{"stream_name":"stdout","time":5250.728730964,"data":"{'loss': '0.007563', 'grad_norm': '0.2062', 'learning_rate': '4.659e-06', 'epoch': '2.904'}\n"}
,{"stream_name":"stdout","time":5256.008580684,"data":"{'loss': '0.005834', 'grad_norm': '0.1789', 'learning_rate': '4.586e-06', 'epoch': '2.937'}\n"}
,{"stream_name":"stdout","time":5261.280538803,"data":"{'loss': '0.002638', 'grad_norm': '0.04813', 'learning_rate': '4.512e-06', 'epoch': '2.97'}\n"}
,{"stream_name":"stderr","time":5265.884439759,"data":"The following columns in the Evaluation set don't have a corresponding argument in `DistilBertForTokenClassification.forward` and have been ignored: token_type_ids, injected_email_context, ner_tags, n_tokens, n_per_spans, tokens, injected_email_multi_token, entity_density_bucket, injected_email_str, n_email_spans, injected_email_inserted_at. If token_type_ids, injected_email_context, ner_tags, n_tokens, n_per_spans, tokens, injected_email_multi_token, entity_density_bucket, injected_email_str, n_email_spans, injected_email_inserted_at are not expected by `DistilBertForTokenClassification.forward`,  you can safely ignore this message.\n"}
,{"stream_name":"stderr","time":5265.884479575,"data":"\n"}
,{"stream_name":"stderr","time":5265.884486165,"data":"The following columns in the Evaluation set don't have a corresponding argument in `DistilBertForTokenClassification.forward` and have been ignored: token_type_ids, injected_email_context, ner_tags, n_tokens, n_per_spans, tokens, injected_email_multi_token, entity_density_bucket, injected_email_str, n_email_spans, injected_email_inserted_at. If token_type_ids, injected_email_context, ner_tags, n_tokens, n_per_spans, tokens, injected_email_multi_token, entity_density_bucket, injected_email_str, n_email_spans, injected_email_inserted_at are not expected by `DistilBertForTokenClassification.forward`,  you can safely ignore this message.\n"}
,{"stream_name":"stderr","time":5265.8856615,"data":"\n"}
,{"stream_name":"stderr","time":5265.8856866,"data":"***** Running Evaluation *****\n"}
,{"stream_name":"stderr","time":5265.885729098,"data":"\n"}
,{"stream_name":"stderr","time":5265.885735913,"data":"\n"}
,{"stream_name":"stderr","time":5265.885740813,"data":"***** Running Evaluation *****\n"}
,{"stream_name":"stderr","time":5265.88661645,"data":"  Num examples = 4278\n"}
,{"stream_name":"stderr","time":5265.886638033,"data":"\n"}
,{"stream_name":"stderr","time":5265.886643842,"data":"  Num examples = 4278\n"}
,{"stream_name":"stderr","time":5265.887498911,"data":"  Batch size = 32\n"}
,{"stream_name":"stderr","time":5265.887536648,"data":"\n"}
,{"stream_name":"stderr","time":5265.887541598,"data":"  Batch size = 32\n"}
,{"stream_name":"stderr","time":5276.373324086,"data":"Saving model checkpoint to /kaggle/working/distilbert_seed42/checkpoint-4545\n"}
,{"stream_name":"stderr","time":5276.373373635,"data":"\n"}
,{"stream_name":"stderr","time":5276.373386593,"data":"Saving model checkpoint to /kaggle/working/distilbert_seed42/checkpoint-4545\n"}
,{"stream_name":"stderr","time":5276.376390996,"data":"Configuration saved in /kaggle/working/distilbert_seed42/checkpoint-4545/config.json\n"}
,{"stream_name":"stderr","time":5276.37641769,"data":"\n"}
,{"stream_name":"stderr","time":5276.376423607,"data":"Configuration saved in /kaggle/working/distilbert_seed42/checkpoint-4545/config.json\n"}
,{"stream_name":"stdout","time":5276.396169068,"data":"{'eval_overall_f1': '0.9812', 'eval_per_f1': '0.9732', 'eval_email_f1': '1', 'eval_token_fpr': '0.003975', 'eval_token_fnr': '0.003225', 'eval_loss': '0.01472', 'eval_runtime': '10.53', 'eval_samples_per_second': '406.4', 'eval_steps_per_second': '12.73', 'epoch': '3'}\n"}
,{"stream_name":"stderr","time":5276.891289376,"data":"Model weights saved in /kaggle/working/distilbert_seed42/checkpoint-4545/model.safetensors\n"}
,{"stream_name":"stderr","time":5276.891327195,"data":"\n"}
,{"stream_name":"stderr","time":5276.891331772,"data":"Model weights saved in /kaggle/working/distilbert_seed42/checkpoint-4545/model.safetensors\n"}
,{"stream_name":"stderr","time":5276.898165928,"data":"tokenizer config file saved in /kaggle/working/distilbert_seed42/checkpoint-4545/tokenizer_config.json\n"}
,{"stream_name":"stderr","time":5276.898192738,"data":"\n"}
,{"stream_name":"stderr","time":5276.898204919,"data":"tokenizer config file saved in /kaggle/working/distilbert_seed42/checkpoint-4545/tokenizer_config.json\n"}
,{"stream_name":"stderr","time":5277.509945415,"data":"Deleting older checkpoint [/kaggle/working/distilbert_seed42/checkpoint-3030] due to args.save_total_limit\n"}
,{"stream_name":"stderr","time":5277.509980666,"data":"\n"}
,{"stream_name":"stderr","time":5277.509987123,"data":"Deleting older checkpoint [/kaggle/working/distilbert_seed42/checkpoint-3030] due to args.save_total_limit\n"}
,{"stream_name":"stdout","time":5278.537958246,"data":"{'loss': '0.002584', 'grad_norm': '0.2591', 'learning_rate': '4.439e-06', 'epoch': '3.003'}\n"}
,{"stream_name":"stdout","time":5283.796014294,"data":"{'loss': '0.003071', 'grad_norm': '0.749', 'learning_rate': '4.366e-06', 'epoch': '3.036'}\n"}
,{"stream_name":"stdout","time":5289.06744848,"data":"{'loss': '0.003291', 'grad_norm': '0.06593', 'learning_rate': '4.292e-06', 'epoch': '3.069'}\n"}
,{"stream_name":"stdout","time":5294.351504507,"data":"{'loss': '0.002429', 'grad_norm': '0.01063', 'learning_rate': '4.219e-06', 'epoch': '3.102'}\n"}
,{"stream_name":"stdout","time":5299.704675579,"data":"{'loss': '0.004226', 'grad_norm': '0.01104', 'learning_rate': '4.146e-06', 'epoch': '3.135'}\n"}
,{"stream_name":"stdout","time":5304.970887369,"data":"{'loss': '0.002017', 'grad_norm': '0.09408', 'learning_rate': '4.072e-06', 'epoch': '3.168'}\n"}
,{"stream_name":"stdout","time":5310.285007981,"data":"{'loss': '0.004121', 'grad_norm': '0.004976', 'learning_rate': '3.999e-06', 'epoch': '3.201'}\n"}
,{"stream_name":"stdout","time":5315.595763684,"data":"{'loss': '0.002537', 'grad_norm': '0.2653', 'learning_rate': '3.925e-06', 'epoch': '3.234'}\n"}
,{"stream_name":"stdout","time":5320.882090211,"data":"{'loss': '0.003461', 'grad_norm': '0.5236', 'learning_rate': '3.852e-06', 'epoch': '3.267'}\n"}
,{"stream_name":"stdout","time":5326.17075409,"data":"{'loss': '0.001943', 'grad_norm': '0.06554', 'learning_rate': '3.779e-06', 'epoch': '3.3'}\n"}
,{"stream_name":"stdout","time":5331.499336994,"data":"{'loss': '0.004337', 'grad_norm': '0.4392', 'learning_rate': '3.705e-06', 'epoch': '3.333'}\n"}
,{"stream_name":"stdout","time":5336.707556119,"data":"{'loss': '0.003484', 'grad_norm': '0.4989', 'learning_rate': '3.632e-06', 'epoch': '3.366'}\n"}
,{"stream_name":"stdout","time":5341.967433752,"data":"{'loss': '0.003232', 'grad_norm': '1.574', 'learning_rate': '3.559e-06', 'epoch': '3.399'}\n"}
,{"stream_name":"stdout","time":5347.226101173,"data":"{'loss': '0.001676', 'grad_norm': '0.9927', 'learning_rate': '3.485e-06', 'epoch': '3.432'}\n"}
,{"stream_name":"stdout","time":5352.481997926,"data":"{'loss': '0.004323', 'grad_norm': '0.01431', 'learning_rate': '3.412e-06', 'epoch': '3.465'}\n"}
,{"stream_name":"stdout","time":5357.731328437,"data":"{'loss': '0.002196', 'grad_norm': '0.05995', 'learning_rate': '3.339e-06', 'epoch': '3.498'}\n"}
,{"stream_name":"stdout","time":5363.050237843,"data":"{'loss': '0.00329', 'grad_norm': '1.105', 'learning_rate': '3.265e-06', 'epoch': '3.531'}\n"}
,{"stream_name":"stdout","time":5368.254993272,"data":"{'loss': '0.002438', 'grad_norm': '0.3549', 'learning_rate': '3.192e-06', 'epoch': '3.564'}\n"}
,{"stream_name":"stdout","time":5373.543333484,"data":"{'loss': '0.004723', 'grad_norm': '0.02931', 'learning_rate': '3.119e-06', 'epoch': '3.597'}\n"}
,{"stream_name":"stdout","time":5378.842945464,"data":"{'loss': '0.00256', 'grad_norm': '0.02855', 'learning_rate': '3.045e-06', 'epoch': '3.63'}\n"}
,{"stream_name":"stdout","time":5384.128413856,"data":"{'loss': '0.00149', 'grad_norm': '0.002444', 'learning_rate': '2.972e-06', 'epoch': '3.663'}\n"}
,{"stream_name":"stdout","time":5389.424071777,"data":"{'loss': '0.002199', 'grad_norm': '0.7822', 'learning_rate': '2.899e-06', 'epoch': '3.696'}\n"}
,{"stream_name":"stdout","time":5394.773520342,"data":"{'loss': '0.003118', 'grad_norm': '0.004177', 'learning_rate': '2.825e-06', 'epoch': '3.729'}\n"}
,{"stream_name":"stdout","time":5400.004568363,"data":"{'loss': '0.004835', 'grad_norm': '0.3829', 'learning_rate': '2.752e-06', 'epoch': '3.762'}\n"}
,{"stream_name":"stdout","time":5405.282277183,"data":"{'loss': '0.003697', 'grad_norm': '2.201', 'learning_rate': '2.679e-06', 'epoch': '3.795'}\n"}
,{"stream_name":"stdout","time":5410.564519773,"data":"{'loss': '0.002285', 'grad_norm': '0.174', 'learning_rate': '2.605e-06', 'epoch': '3.828'}\n"}
,{"stream_name":"stdout","time":5415.834590064,"data":"{'loss': '0.002229', 'grad_norm': '0.4323', 'learning_rate': '2.532e-06', 'epoch': '3.861'}\n"}
,{"stream_name":"stdout","time":5421.126918349,"data":"{'loss': '0.002138', 'grad_norm': '0.01545', 'learning_rate': '2.459e-06', 'epoch': '3.894'}\n"}
,{"stream_name":"stdout","time":5426.461643777,"data":"{'loss': '0.004718', 'grad_norm': '0.01151', 'learning_rate': '2.385e-06', 'epoch': '3.927'}\n"}
,{"stream_name":"stdout","time":5431.687882821,"data":"{'loss': '0.002125', 'grad_norm': '0.1613', 'learning_rate': '2.312e-06', 'epoch': '3.96'}\n"}
,{"stream_name":"stdout","time":5436.966717916,"data":"{'loss': '0.002764', 'grad_norm': '0.5136', 'learning_rate': '2.239e-06', 'epoch': '3.993'}\n"}
,{"stream_name":"stderr","time":5437.837911759,"data":"The following columns in the Evaluation set don't have a corresponding argument in `DistilBertForTokenClassification.forward` and have been ignored: token_type_ids, injected_email_context, ner_tags, n_tokens, n_per_spans, tokens, injected_email_multi_token, entity_density_bucket, injected_email_str, n_email_spans, injected_email_inserted_at. If token_type_ids, injected_email_context, ner_tags, n_tokens, n_per_spans, tokens, injected_email_multi_token, entity_density_bucket, injected_email_str, n_email_spans, injected_email_inserted_at are not expected by `DistilBertForTokenClassification.forward`,  you can safely ignore this message.\n"}
,{"stream_name":"stderr","time":5437.837986253,"data":"\n"}
,{"stream_name":"stderr","time":5437.837992543,"data":"The following columns in the Evaluation set don't have a corresponding argument in `DistilBertForTokenClassification.forward` and have been ignored: token_type_ids, injected_email_context, ner_tags, n_tokens, n_per_spans, tokens, injected_email_multi_token, entity_density_bucket, injected_email_str, n_email_spans, injected_email_inserted_at. If token_type_ids, injected_email_context, ner_tags, n_tokens, n_per_spans, tokens, injected_email_multi_token, entity_density_bucket, injected_email_str, n_email_spans, injected_email_inserted_at are not expected by `DistilBertForTokenClassification.forward`,  you can safely ignore this message.\n"}
,{"stream_name":"stderr","time":5437.842231577,"data":"\n"}
,{"stream_name":"stderr","time":5437.842271133,"data":"***** Running Evaluation *****\n"}
,{"stream_name":"stderr","time":5437.84227955,"data":"\n"}
,{"stream_name":"stderr","time":5437.842283531,"data":"\n"}
,{"stream_name":"stderr","time":5437.842287061,"data":"***** Running Evaluation *****\n"}
,{"stream_name":"stderr","time":5437.843242942,"data":"  Num examples = 4278\n"}
,{"stream_name":"stderr","time":5437.84327861,"data":"\n"}
,{"stream_name":"stderr","time":5437.843283073,"data":"  Num examples = 4278\n"}
,{"stream_name":"stderr","time":5437.844410388,"data":"  Batch size = 32\n"}
,{"stream_name":"stderr","time":5437.844424938,"data":"\n"}
,{"stream_name":"stderr","time":5437.844428755,"data":"  Batch size = 32\n"}
,{"stream_name":"stderr","time":5448.438294846,"data":"Saving model checkpoint to /kaggle/working/distilbert_seed42/checkpoint-6060\n"}
,{"stream_name":"stderr","time":5448.438338637,"data":"\n"}
,{"stream_name":"stderr","time":5448.438345772,"data":"Saving model checkpoint to /kaggle/working/distilbert_seed42/checkpoint-6060\n"}
,{"stream_name":"stderr","time":5448.441551261,"data":"Configuration saved in /kaggle/working/distilbert_seed42/checkpoint-6060/config.json\n"}
,{"stream_name":"stderr","time":5448.441577855,"data":"\n"}
,{"stream_name":"stderr","time":5448.441583786,"data":"Configuration saved in /kaggle/working/distilbert_seed42/checkpoint-6060/config.json\n"}
,{"stream_name":"stdout","time":5448.465449281,"data":"{'eval_overall_f1': '0.9832', 'eval_per_f1': '0.976', 'eval_email_f1': '1', 'eval_token_fpr': '0.002539', 'eval_token_fnr': '0.005071', 'eval_loss': '0.01403', 'eval_runtime': '10.59', 'eval_samples_per_second': '403.8', 'eval_steps_per_second': '12.65', 'epoch': '4'}\n"}
,{"stream_name":"stderr","time":5448.977435339,"data":"Model weights saved in /kaggle/working/distilbert_seed42/checkpoint-6060/model.safetensors\n"}
,{"stream_name":"stderr","time":5448.977472555,"data":"\n"}
,{"stream_name":"stderr","time":5448.977479188,"data":"Model weights saved in /kaggle/working/distilbert_seed42/checkpoint-6060/model.safetensors\n"}
,{"stream_name":"stderr","time":5449.074288325,"data":"tokenizer config file saved in /kaggle/working/distilbert_seed42/checkpoint-6060/tokenizer_config.json\n"}
,{"stream_name":"stderr","time":5449.074329532,"data":"\n"}
,{"stream_name":"stderr","time":5449.074337133,"data":"tokenizer config file saved in /kaggle/working/distilbert_seed42/checkpoint-6060/tokenizer_config.json\n"}
,{"stream_name":"stderr","time":5449.738069716,"data":"Deleting older checkpoint [/kaggle/working/distilbert_seed42/checkpoint-4545] due to args.save_total_limit\n"}
,{"stream_name":"stderr","time":5449.738122568,"data":"\n"}
,{"stream_name":"stderr","time":5449.738130616,"data":"Deleting older checkpoint [/kaggle/working/distilbert_seed42/checkpoint-4545] due to args.save_total_limit\n"}
,{"stream_name":"stdout","time":5454.447650077,"data":"{'loss': '0.002219', 'grad_norm': '0.2122', 'learning_rate': '2.165e-06', 'epoch': '4.026'}\n"}
,{"stream_name":"stdout","time":5459.730082675,"data":"{'loss': '0.001073', 'grad_norm': '0.004572', 'learning_rate': '2.092e-06', 'epoch': '4.059'}\n"}
,{"stream_name":"stdout","time":5464.961210776,"data":"{'loss': '0.002591', 'grad_norm': '0.002471', 'learning_rate': '2.018e-06', 'epoch': '4.092'}\n"}
,{"stream_name":"stdout","time":5470.254329553,"data":"{'loss': '0.002189', 'grad_norm': '0.677', 'learning_rate': '1.945e-06', 'epoch': '4.125'}\n"}
,{"stream_name":"stdout","time":5475.566088261,"data":"{'loss': '0.001958', 'grad_norm': '0.03353', 'learning_rate': '1.872e-06', 'epoch': '4.158'}\n"}
,{"stream_name":"stdout","time":5480.886193909,"data":"{'loss': '0.00119', 'grad_norm': '0.06678', 'learning_rate': '1.798e-06', 'epoch': '4.191'}\n"}
,{"stream_name":"stdout","time":5486.209123486,"data":"{'loss': '0.002012', 'grad_norm': '0.06888', 'learning_rate': '1.725e-06', 'epoch': '4.224'}\n"}
,{"stream_name":"stdout","time":5491.562774908,"data":"{'loss': '0.00229', 'grad_norm': '0.003214', 'learning_rate': '1.652e-06', 'epoch': '4.257'}\n"}
,{"stream_name":"stdout","time":5496.796375742,"data":"{'loss': '0.001439', 'grad_norm': '0.003154', 'learning_rate': '1.578e-06', 'epoch': '4.29'}\n"}
,{"stream_name":"stdout","time":5502.082335066,"data":"{'loss': '0.001784', 'grad_norm': '0.01043', 'learning_rate': '1.505e-06', 'epoch': '4.323'}\n"}
,{"stream_name":"stdout","time":5507.354169892,"data":"{'loss': '0.001562', 'grad_norm': '0.9855', 'learning_rate': '1.432e-06', 'epoch': '4.356'}\n"}
,{"stream_name":"stdout","time":5512.624779254,"data":"{'loss': '0.003427', 'grad_norm': '0.0154', 'learning_rate': '1.358e-06', 'epoch': '4.389'}\n"}
,{"stream_name":"stdout","time":5517.886624504,"data":"{'loss': '0.001442', 'grad_norm': '0.003372', 'learning_rate': '1.285e-06', 'epoch': '4.422'}\n"}
,{"stream_name":"stdout","time":5523.206716527,"data":"{'loss': '0.002545', 'grad_norm': '1.462', 'learning_rate': '1.212e-06', 'epoch': '4.455'}\n"}
,{"stream_name":"stdout","time":5528.415373359,"data":"{'loss': '0.001018', 'grad_norm': '0.3081', 'learning_rate': '1.138e-06', 'epoch': '4.488'}\n"}
,{"stream_name":"stdout","time":5533.68203589,"data":"{'loss': '0.001544', 'grad_norm': '0.1103', 'learning_rate': '1.065e-06', 'epoch': '4.521'}\n"}
,{"stream_name":"stdout","time":5538.936348867,"data":"{'loss': '0.001032', 'grad_norm': '0.08129', 'learning_rate': '9.916e-07', 'epoch': '4.554'}\n"}
,{"stream_name":"stdout","time":5544.203027985,"data":"{'loss': '0.001621', 'grad_norm': '0.03543', 'learning_rate': '9.183e-07', 'epoch': '4.587'}\n"}
,{"stream_name":"stdout","time":5549.475488321,"data":"{'loss': '0.0009958', 'grad_norm': '0.2814', 'learning_rate': '8.449e-07', 'epoch': '4.62'}\n"}
,{"stream_name":"stdout","time":5554.814670899,"data":"{'loss': '0.001185', 'grad_norm': '0.003333', 'learning_rate': '7.716e-07', 'epoch': '4.653'}\n"}
,{"stream_name":"stdout","time":5560.034597077,"data":"{'loss': '0.002396', 'grad_norm': '0.003238', 'learning_rate': '6.983e-07', 'epoch': '4.686'}\n"}
,{"stream_name":"stdout","time":5565.322521973,"data":"{'loss': '0.001276', 'grad_norm': '0.09325', 'learning_rate': '6.249e-07', 'epoch': '4.719'}\n"}
,{"stream_name":"stdout","time":5570.624351566,"data":"{'loss': '0.001496', 'grad_norm': '0.039', 'learning_rate': '5.516e-07', 'epoch': '4.752'}\n"}
,{"stream_name":"stdout","time":5575.911272116,"data":"{'loss': '0.001588', 'grad_norm': '0.001626', 'learning_rate': '4.782e-07', 'epoch': '4.785'}\n"}
,{"stream_name":"stdout","time":5581.204403914,"data":"{'loss': '0.002093', 'grad_norm': '0.05848', 'learning_rate': '4.049e-07', 'epoch': '4.818'}\n"}
,{"stream_name":"stdout","time":5586.545891301,"data":"{'loss': '0.001717', 'grad_norm': '0.01492', 'learning_rate': '3.315e-07', 'epoch': '4.851'}\n"}
,{"stream_name":"stdout","time":5591.752799671,"data":"{'loss': '0.002128', 'grad_norm': '0.003752', 'learning_rate': '2.582e-07', 'epoch': '4.884'}\n"}
,{"stream_name":"stdout","time":5597.042987669,"data":"{'loss': '0.00256', 'grad_norm': '0.01909', 'learning_rate': '1.848e-07', 'epoch': '4.917'}\n"}
,{"stream_name":"stdout","time":5602.330071443,"data":"{'loss': '0.002521', 'grad_norm': '0.6', 'learning_rate': '1.115e-07', 'epoch': '4.95'}\n"}
,{"stream_name":"stdout","time":5607.612420335,"data":"{'loss': '0.002594', 'grad_norm': '0.003147', 'learning_rate': '3.814e-08', 'epoch': '4.983'}\n"}
,{"stream_name":"stderr","time":5610.067428937,"data":"The following columns in the Evaluation set don't have a corresponding argument in `DistilBertForTokenClassification.forward` and have been ignored: token_type_ids, injected_email_context, ner_tags, n_tokens, n_per_spans, tokens, injected_email_multi_token, entity_density_bucket, injected_email_str, n_email_spans, injected_email_inserted_at. If token_type_ids, injected_email_context, ner_tags, n_tokens, n_per_spans, tokens, injected_email_multi_token, entity_density_bucket, injected_email_str, n_email_spans, injected_email_inserted_at are not expected by `DistilBertForTokenClassification.forward`,  you can safely ignore this message.\n"}
,{"stream_name":"stderr","time":5610.067500855,"data":"\n"}
,{"stream_name":"stderr","time":5610.067512931,"data":"The following columns in the Evaluation set don't have a corresponding argument in `DistilBertForTokenClassification.forward` and have been ignored: token_type_ids, injected_email_context, ner_tags, n_tokens, n_per_spans, tokens, injected_email_multi_token, entity_density_bucket, injected_email_str, n_email_spans, injected_email_inserted_at. If token_type_ids, injected_email_context, ner_tags, n_tokens, n_per_spans, tokens, injected_email_multi_token, entity_density_bucket, injected_email_str, n_email_spans, injected_email_inserted_at are not expected by `DistilBertForTokenClassification.forward`,  you can safely ignore this message.\n"}
,{"stream_name":"stderr","time":5610.071518116,"data":"\n"}
,{"stream_name":"stderr","time":5610.071545383,"data":"***** Running Evaluation *****\n"}
,{"stream_name":"stderr","time":5610.071552321,"data":"\n"}
,{"stream_name":"stderr","time":5610.071557167,"data":"\n"}
,{"stream_name":"stderr","time":5610.071561805,"data":"***** Running Evaluation *****\n"}
,{"stream_name":"stderr","time":5610.07259603,"data":"  Num examples = 4278\n"}
,{"stream_name":"stderr","time":5610.072623538,"data":"\n"}
,{"stream_name":"stderr","time":5610.072629869,"data":"  Num examples = 4278\n"}
,{"stream_name":"stderr","time":5610.073929692,"data":"  Batch size = 32\n"}
,{"stream_name":"stderr","time":5610.073952108,"data":"\n"}
,{"stream_name":"stderr","time":5610.073958266,"data":"  Batch size = 32\n"}
,{"stream_name":"stderr","time":5620.669620751,"data":"Saving model checkpoint to /kaggle/working/distilbert_seed42/checkpoint-7575\n"}
,{"stream_name":"stderr","time":5620.669668061,"data":"\n"}
,{"stream_name":"stderr","time":5620.669677103,"data":"Saving model checkpoint to /kaggle/working/distilbert_seed42/checkpoint-7575\n"}
,{"stream_name":"stderr","time":5620.670816014,"data":"Configuration saved in /kaggle/working/distilbert_seed42/checkpoint-7575/config.json\n"}
,{"stream_name":"stderr","time":5620.670844506,"data":"\n"}
,{"stream_name":"stderr","time":5620.670851807,"data":"Configuration saved in /kaggle/working/distilbert_seed42/checkpoint-7575/config.json\n"}
,{"stream_name":"stdout","time":5620.677304118,"data":"{'eval_overall_f1': '0.9835', 'eval_per_f1': '0.9765', 'eval_email_f1': '1', 'eval_token_fpr': '0.002593', 'eval_token_fnr': '0.004804', 'eval_loss': '0.01558', 'eval_runtime': '10.55', 'eval_samples_per_second': '405.6', 'eval_steps_per_second': '12.7', 'epoch': '5'}\n"}
,{"stream_name":"stderr","time":5621.209335216,"data":"Model weights saved in /kaggle/working/distilbert_seed42/checkpoint-7575/model.safetensors\n"}
,{"stream_name":"stderr","time":5621.209373436,"data":"\n"}
,{"stream_name":"stderr","time":5621.209378932,"data":"Model weights saved in /kaggle/working/distilbert_seed42/checkpoint-7575/model.safetensors\n"}
,{"stream_name":"stderr","time":5621.232630231,"data":"tokenizer config file saved in /kaggle/working/distilbert_seed42/checkpoint-7575/tokenizer_config.json\n"}
,{"stream_name":"stderr","time":5621.232772467,"data":"\n"}
,{"stream_name":"stderr","time":5621.232784705,"data":"tokenizer config file saved in /kaggle/working/distilbert_seed42/checkpoint-7575/tokenizer_config.json\n"}
,{"stream_name":"stderr","time":5621.875102299,"data":"Deleting older checkpoint [/kaggle/working/distilbert_seed42/checkpoint-6060] due to args.save_total_limit\n"}
,{"stream_name":"stderr","time":5621.875136695,"data":"\n"}
,{"stream_name":"stderr","time":5621.875141904,"data":"Deleting older checkpoint [/kaggle/working/distilbert_seed42/checkpoint-6060] due to args.save_total_limit\n"}
,{"stream_name":"stderr","time":5621.997664882,"data":"\n"}
,{"stream_name":"stderr","time":5621.997695713,"data":"\n"}
,{"stream_name":"stderr","time":5621.997700677,"data":"Training completed. Do not forget to share your model on huggingface.co/models =)\n"}
,{"stream_name":"stderr","time":5621.997704985,"data":"\n"}
,{"stream_name":"stderr","time":5621.997708703,"data":"\n"}
,{"stream_name":"stderr","time":5621.997712202,"data":"\n"}
,{"stream_name":"stderr","time":5621.997716222,"data":"\n"}
,{"stream_name":"stderr","time":5621.997720112,"data":"\n"}
,{"stream_name":"stderr","time":5621.997723972,"data":"Training completed. Do not forget to share your model on huggingface.co/models =)\n"}
,{"stream_name":"stderr","time":5621.997728479,"data":"\n"}
,{"stream_name":"stderr","time":5621.99773262,"data":"\n"}
,{"stream_name":"stderr","time":5621.999746531,"data":"Loading best model from /kaggle/working/distilbert_seed42/checkpoint-7575 (score: 0.9835434173669468).\n"}
,{"stream_name":"stderr","time":5621.999773468,"data":"\n"}
,{"stream_name":"stderr","time":5621.999778968,"data":"Loading best model from /kaggle/working/distilbert_seed42/checkpoint-7575 (score: 0.9835434173669468).\n"}
,{"stream_name":"stderr","time":5622.084926931,"data":"There were missing keys in the checkpoint model loaded: ['distilbert.embeddings.LayerNorm.weight', 'distilbert.embeddings.LayerNorm.bias'].\n"}
,{"stream_name":"stderr","time":5622.084966634,"data":"\n"}
,{"stream_name":"stderr","time":5622.084970283,"data":"There were missing keys in the checkpoint model loaded: ['distilbert.embeddings.LayerNorm.weight', 'distilbert.embeddings.LayerNorm.bias'].\n"}
,{"stream_name":"stderr","time":5622.086297942,"data":"There were unexpected keys in the checkpoint model loaded: ['distilbert.embeddings.LayerNorm.beta', 'distilbert.embeddings.LayerNorm.gamma'].\n"}
,{"stream_name":"stderr","time":5622.08631816,"data":"\n"}
,{"stream_name":"stderr","time":5622.086322586,"data":"There were unexpected keys in the checkpoint model loaded: ['distilbert.embeddings.LayerNorm.beta', 'distilbert.embeddings.LayerNorm.gamma'].\n"}
,{"stream_name":"stderr","time":5622.09664765,"data":"The following columns in the Evaluation set don't have a corresponding argument in `DistilBertForTokenClassification.forward` and have been ignored: token_type_ids, injected_email_context, ner_tags, n_tokens, n_per_spans, tokens, injected_email_multi_token, entity_density_bucket, injected_email_str, n_email_spans, injected_email_inserted_at. If token_type_ids, injected_email_context, ner_tags, n_tokens, n_per_spans, tokens, injected_email_multi_token, entity_density_bucket, injected_email_str, n_email_spans, injected_email_inserted_at are not expected by `DistilBertForTokenClassification.forward`,  you can safely ignore this message.\n"}
,{"stream_name":"stderr","time":5622.096692649,"data":"\n"}
,{"stream_name":"stderr","time":5622.096698574,"data":"The following columns in the Evaluation set don't have a corresponding argument in `DistilBertForTokenClassification.forward` and have been ignored: token_type_ids, injected_email_context, ner_tags, n_tokens, n_per_spans, tokens, injected_email_multi_token, entity_density_bucket, injected_email_str, n_email_spans, injected_email_inserted_at. If token_type_ids, injected_email_context, ner_tags, n_tokens, n_per_spans, tokens, injected_email_multi_token, entity_density_bucket, injected_email_str, n_email_spans, injected_email_inserted_at are not expected by `DistilBertForTokenClassification.forward`,  you can safely ignore this message.\n"}
,{"stream_name":"stderr","time":5622.110957449,"data":"\n"}
,{"stream_name":"stderr","time":5622.110985058,"data":"***** Running Evaluation *****\n"}
,{"stream_name":"stderr","time":5622.110990239,"data":"\n"}
,{"stream_name":"stderr","time":5622.110994543,"data":"\n"}
,{"stream_name":"stderr","time":5622.110998206,"data":"***** Running Evaluation *****\n"}
,{"stream_name":"stderr","time":5622.11215611,"data":"  Num examples = 4278\n"}
,{"stream_name":"stderr","time":5622.112177896,"data":"\n"}
,{"stream_name":"stderr","time":5622.11218302,"data":"  Num examples = 4278\n"}
,{"stream_name":"stderr","time":5622.112981268,"data":"  Batch size = 32\n"}
,{"stream_name":"stderr","time":5622.113000809,"data":"\n"}
,{"stream_name":"stderr","time":5622.113006251,"data":"  Batch size = 32\n"}
,{"stream_name":"stdout","time":5622.114603808,"data":"{'train_runtime': '860.3', 'train_samples_per_second': '140.9', 'train_steps_per_second': '8.805', 'train_loss': '0.04169', 'epoch': '5'}\n"}
,{"stream_name":"stderr","time":5632.66906045,"data":"The following columns in the Evaluation set don't have a corresponding argument in `DistilBertForTokenClassification.forward` and have been ignored: token_type_ids, injected_email_context, ner_tags, n_tokens, n_per_spans, tokens, injected_email_multi_token, entity_density_bucket, injected_email_str, n_email_spans, injected_email_inserted_at. If token_type_ids, injected_email_context, ner_tags, n_tokens, n_per_spans, tokens, injected_email_multi_token, entity_density_bucket, injected_email_str, n_email_spans, injected_email_inserted_at are not expected by `DistilBertForTokenClassification.forward`,  you can safely ignore this message.\n"}
,{"stream_name":"stderr","time":5632.669110412,"data":"\n"}
,{"stream_name":"stderr","time":5632.669117093,"data":"The following columns in the Evaluation set don't have a corresponding argument in `DistilBertForTokenClassification.forward` and have been ignored: token_type_ids, injected_email_context, ner_tags, n_tokens, n_per_spans, tokens, injected_email_multi_token, entity_density_bucket, injected_email_str, n_email_spans, injected_email_inserted_at. If token_type_ids, injected_email_context, ner_tags, n_tokens, n_per_spans, tokens, injected_email_multi_token, entity_density_bucket, injected_email_str, n_email_spans, injected_email_inserted_at are not expected by `DistilBertForTokenClassification.forward`,  you can safely ignore this message.\n"}
,{"stream_name":"stderr","time":5632.672579048,"data":"\n"}
,{"stream_name":"stderr","time":5632.672661169,"data":"***** Running Evaluation *****\n"}
,{"stream_name":"stderr","time":5632.672668958,"data":"\n"}
,{"stream_name":"stderr","time":5632.67267422,"data":"\n"}
,{"stream_name":"stderr","time":5632.67267921,"data":"***** Running Evaluation *****\n"}
,{"stream_name":"stderr","time":5632.673859046,"data":"  Num examples = 3650\n"}
,{"stream_name":"stderr","time":5632.673881452,"data":"\n"}
,{"stream_name":"stderr","time":5632.673886416,"data":"  Num examples = 3650\n"}
,{"stream_name":"stderr","time":5632.675045628,"data":"  Batch size = 32\n"}
,{"stream_name":"stderr","time":5632.675064727,"data":"\n"}
,{"stream_name":"stderr","time":5632.675069389,"data":"  Batch size = 32\n"}
,{"stream_name":"stdout","time":5632.676669099,"data":"{'eval_overall_f1': '0.9835', 'eval_per_f1': '0.9765', 'eval_email_f1': '1', 'eval_token_fpr': '0.002593', 'eval_token_fnr': '0.004804', 'eval_loss': '0.01558', 'eval_runtime': '10.55', 'eval_samples_per_second': '405.4', 'eval_steps_per_second': '12.7', 'epoch': '5'}\n"}
,{"stream_name":"stdout","time":5632.676688748,"data":"\n"}
,{"stream_name":"stdout","time":5632.676693474,"data":"Validation metrics: {'eval_overall_f1': 0.9835434173669468, 'eval_per_f1': 0.9765391014975042, 'eval_email_f1': 1.0, 'eval_token_fpr': 0.002593253950450006, 'eval_token_fnr': 0.004804377321559643, 'eval_loss': 0.015575233846902847, 'eval_runtime': 10.5529, 'eval_samples_per_second': 405.385, 'eval_steps_per_second': 12.698, 'epoch': 5.0}\n"}
,{"stream_name":"stderr","time":5641.848109131,"data":"Saving model checkpoint to /kaggle/working/distilbert_seed42/best_model\n"}
,{"stream_name":"stderr","time":5641.848154832,"data":"\n"}
,{"stream_name":"stderr","time":5641.84816023,"data":"Saving model checkpoint to /kaggle/working/distilbert_seed42/best_model\n"}
,{"stream_name":"stderr","time":5641.85068708,"data":"Configuration saved in /kaggle/working/distilbert_seed42/best_model/config.json\n"}
,{"stream_name":"stderr","time":5641.850713825,"data":"\n"}
,{"stream_name":"stderr","time":5641.850720221,"data":"Configuration saved in /kaggle/working/distilbert_seed42/best_model/config.json\n"}
,{"stream_name":"stdout","time":5641.874365489,"data":"{'eval_overall_f1': '0.9836', 'eval_per_f1': '0.9777', 'eval_email_f1': '0.9977', 'eval_token_fpr': '0.002511', 'eval_token_fnr': '0.004867', 'eval_loss': '0.01511', 'eval_runtime': '9.174', 'eval_samples_per_second': '397.9', 'eval_steps_per_second': '12.54', 'epoch': '5'}\n"}
,{"stream_name":"stdout","time":5641.87440116,"data":"Test metrics: {'eval_overall_f1': 0.9836198179979777, 'eval_per_f1': 0.9777140124342419, 'eval_email_f1': 0.997716894977169, 'eval_token_fpr': 0.002510971612688184, 'eval_token_fnr': 0.004867127421395892, 'eval_loss': 0.015107202343642712, 'eval_runtime': 9.1738, 'eval_samples_per_second': 397.872, 'eval_steps_per_second': 12.536, 'epoch': 5.0}\n"}
,{"stream_name":"stderr","time":5642.401316636,"data":"Model weights saved in /kaggle/working/distilbert_seed42/best_model/model.safetensors\n"}
,{"stream_name":"stderr","time":5642.401350757,"data":"\n"}
,{"stream_name":"stderr","time":5642.40135698,"data":"Model weights saved in /kaggle/working/distilbert_seed42/best_model/model.safetensors\n"}
,{"stream_name":"stderr","time":5642.408384858,"data":"tokenizer config file saved in /kaggle/working/distilbert_seed42/best_model/tokenizer_config.json\n"}
,{"stream_name":"stderr","time":5642.408419486,"data":"\n"}
,{"stream_name":"stderr","time":5642.40842663,"data":"tokenizer config file saved in /kaggle/working/distilbert_seed42/best_model/tokenizer_config.json\n"}
,{"stream_name":"stdout","time":5642.423117242,"data":"\n"}
,{"stream_name":"stdout","time":5642.423146865,"data":"Saved: distilbert_seed42_result.json\n"}
,{"stream_name":"stdout","time":5642.423153791,"data":"\n"}
,{"stream_name":"stdout","time":5642.423158969,"data":"\n"}
,{"stream_name":"stdout","time":5642.423163925,"data":"=== ALL RUNS COMPLETE ===\n"}
,{"stream_name":"stdout","time":5642.57099171,"data":"\n"}
,{"stream_name":"stdout","time":5642.571041569,"data":"=== RESULTS TABLE ===\n"}
,{"stream_name":"stdout","time":5642.571048732,"data":"              run                 model  seed   val_f1  test_f1   per_f1  email_f1  token_fpr  token_fnr  train_loss\n"}
,{"stream_name":"stdout","time":5642.571055075,"data":"   deberta_seed42      deberta-v3-small    42 0.955170 0.939229 0.927337  0.967624   0.008055   0.014674    0.141892\n"}
,{"stream_name":"stdout","time":5642.571061024,"data":"    deberta_seed0      deberta-v3-small     0 0.954036 0.911660 0.916564  0.899909   0.008144   0.020977    0.154940\n"}
,{"stream_name":"stdout","time":5642.571065904,"data":"    deberta_seed7      deberta-v3-small     7 0.951854 0.935987 0.922005  0.969297   0.008655   0.014626    0.148479\n"}
,{"stream_name":"stdout","time":5642.571071022,"data":"distilbert_seed42 distilbert-base-cased    42 0.983543 0.983620 0.977714  0.997717   0.002511   0.004867    0.041691\n"}
,{"stream_name":"stdout","time":5642.571076782,"data":"\n"}
,{"stream_name":"stdout","time":5642.571081297,"data":"DeBERTa-v3-small Test F1 (3-seed):\n"}
,{"stream_name":"stdout","time":5642.571086019,"data":"  Mean: 0.9290\n"}
,{"stream_name":"stdout","time":5642.571090737,"data":"  Std:  0.0151\n"}
,{"stream_name":"stdout","time":5642.571095277,"data":"\n"}
,{"stream_name":"stdout","time":5642.571099711,"data":"training_summary.json saved to /kaggle/working/\n"}
,{"stream_name":"stdout","time":5642.571104544,"data":"Pull with: kaggle kernels output abdulmuizz28/pii-masking-day-3-training -p results/\n"}
,{"stream_name":"stderr","time":5648.742954921,"data":"/usr/local/lib/python3.12/dist-packages/mistune.py:435: SyntaxWarning: invalid escape sequence '\\|'\n"}
,{"stream_name":"stderr","time":5648.742996341,"data":"  cells[i][c] = re.sub('\\\\\\\\\\|', '|', cell)\n"}
,{"stream_name":"stderr","time":5648.918494895,"data":"/usr/local/lib/python3.12/dist-packages/nbconvert/filters/filter_links.py:36: SyntaxWarning: invalid escape sequence '\\_'\n"}
,{"stream_name":"stderr","time":5648.918524662,"data":"  text = re.sub(r'_', '\\_', text) # Escape underscores in display text\n"}
,{"stream_name":"stderr","time":5649.61396903,"data":"[NbConvertApp] Converting notebook __notebook__.ipynb to notebook\n"}
,{"stream_name":"stderr","time":5650.229458423,"data":"[NbConvertApp] Writing 621827 bytes to __notebook__.ipynb\n"}
,{"stream_name":"stderr","time":5653.117308636,"data":"[NbConvertApp] Converting notebook __notebook__.ipynb to html\n"}
,{"stream_name":"stderr","time":5654.268646678,"data":"[NbConvertApp] Writing 887135 bytes to __results__.html\n"}
]